,Year,Afghanistan,Albania,Algeria,Angola,Antigua and Barbuda,Argentina,Armenia,Australia,Austria,Azerbaijan,Bahrain,Bangladesh,Barbados,Belarus,Belgium,Belgium-Luxembourg,Belize,Benin,Bhutan,Bolivia (Plurinational State of),Bosnia and Herzegovina,Botswana,Brazil,Brunei Darussalam,Bulgaria,Burkina Faso,Burundi,Cabo Verde,Cambodia,Cameroon,Canada,Central African Republic,Chad,Chile,China,Colombia,Comoros,Costa Rica,Croatia,Cuba,Cyprus,Denmark,Djibouti,Dominica,Dominican Republic,Ecuador,El Salvador,Equatorial Guinea,Eritrea,Estonia,Eswatini,Ethiopia,Faroe Islands,Fiji,Finland,France,French Polynesia,Gabon,Georgia,Germany,Ghana,Greece,Grenada,Guatemala,Guinea,Guinea-Bissau,Guyana,Haiti,Honduras,"Hong Kong SAR, China",Hungary,Iceland,India,Indonesia,Iraq,Ireland,Israel,Italy,Jamaica,Japan,Jordan,Kazakhstan,Kenya,Kuwait,Latvia,Lebanon,Lesotho,Liberia,Libya,Lithuania,Luxembourg,Madagascar,Malawi,Malaysia,Mali,Malta,Mauritania,Mauritius,Mexico,Moldova,Mongolia,Montenegro,Morocco,Mozambique,Myanmar,Namibia,Nepal,Netherlands,New Caledonia,New Zealand,Nicaragua,Niger,Nigeria,North Macedonia,Norway,Oman,Pakistan,Panama,Papua New Guinea,Paraguay,Peru,Philippines,Poland,Portugal,Puerto Rico,Qatar,Romania,Russian Federation,Rwanda,Samoa,Sao Tome and Principe,Saudi Arabia,Senegal,Serbia,Seychelles,Sierra Leone,Singapore,Slovenia,Solomon Islands,Somalia,South Africa,South Sudan,Spain,Sri Lanka,Sudan,Sudan (former),Suriname,Sweden,Switzerland,Syrian Arab Republic,"Taiwan, China",Tajikistan,Tanzania,Thailand,Timor-Leste,Togo,Tonga,Trinidad and Tobago,Tunisia,Turkey,Turkmenistan,Uganda,Ukraine,United Arab Emirates,United Kingdom,United States,Uruguay,Uzbekistan,Vanuatu,Zambia,Zimbabwe
0,1961,2900000.0,420200.0,611000.0,1325000.0,5760.0,42520000.0,,17332256.0,2386761.0,,3300.0,19850000.0,20000.0,,,2684120.0,22129.0,321609.0,190000.0,1830000.0,,1570000.0,56041312.0,3277.0,1451855.0,1800000.0,430000.0,12000.0,1470000.0,1750000.0,10696000.0,403000.0,4130000.0,2841800.0,49457028.5,15679000.0,38600.0,950940.0,,5025000.0,31000.0,3593095.0,12000.0,5500.0,1125000.0,1550000.0,1135000.0,2660.0,,,535376.0,24900000.0,2977.0,112986.0,2056600.0,19501008.0,13147.0,2800.0,,17542592.0,500000.0,1074286.0,7000.0,1190000.0,1200000.0,230286.0,91250.0,740000.0,1411247.0,18000.0,1957000.0,53377.0,175600000.0,6356000.0,1550000.0,4291200.0,226400.0,9826800.0,240000.0,3225000.0,44900.0,,7200000.0,4000.0,,93000.0,376740.0,19000.0,103970.0,,,8000000.0,374762.0,329555.0,3513000.0,8090.0,2150000.0,44000.0,16500000.0,,1905000.0,,2801000.0,950000.0,5252622.0,2117132.0,5800000.0,3622588.0,96000.0,6445789.0,1528300.0,3490000.0,6028000.0,,1180300.0,60000.0,14179000.0,762987.0,21082.0,4695412.0,3823700.0,1054700.0,9168000.0,1108000.0,457512.0,4000.0,4530000.0,,420000.0,15736.0,4210.0,110000.0,1960000.0,,1400.0,220000.0,7114.0,,5000.0,3150000.0,12527000.0,,3640342.0,1517191.0,,7000000.0,36188.0,2574870.0,1760800.0,421000.0,96057.0,,8063658.0,3542420.0,24000.0,143833.0,2419.0,50000.0,634000.0,12435000.0,,3618000.0,,5000.0,11977998.0,97700000.0,8792428.0,,34082.0,1283000.0,3553100.0
1,1962,3200000.0,414900.0,610000.0,1430000.0,5900.0,42901000.0,,18033168.0,2456557.0,,3400.0,20500000.0,15600.0,,,2798130.0,23098.0,346145.0,195000.0,1880000.0,,1595000.0,57739888.0,3000.0,1581518.0,1840000.0,449665.0,12240.0,1550000.0,1750000.0,10933000.0,404000.0,4190000.0,2875900.0,46817780.0,15979000.0,43000.0,1006093.0,,5766400.0,32000.0,3504207.0,12000.0,5200.0,1121000.0,1720000.0,1146000.0,2540.0,,,543393.0,25052000.0,3023.0,112986.0,2152300.0,20583008.0,12700.0,3300.0,,17824288.0,550000.0,1069000.0,6000.0,1220000.0,1240000.0,230000.0,111350.0,750000.0,1428902.0,15580.0,1987486.0,55744.0,173900000.0,6584000.0,1550000.0,4179200.0,234700.0,9519980.0,240000.0,3351000.0,59900.0,,7366000.0,4000.0,,100000.0,386342.0,20000.0,105135.0,,,8500000.0,380387.0,328002.0,3862500.0,8000.0,2200000.0,44000.0,16912000.0,,1637000.0,,2564000.0,1000000.0,5306826.0,2298266.0,5826000.0,3816942.0,97000.0,6597913.0,1597100.0,3600000.0,6311000.0,,1158800.0,60500.0,14224000.0,835400.0,24583.0,4499565.0,3927000.0,1094400.0,9589000.0,1114000.0,475811.0,4200.0,4524700.0,,443000.0,16000.0,4189.0,112000.0,1816000.0,,1430.0,235000.0,7114.0,,5000.0,3200000.0,12600000.0,,3660000.0,1363785.0,,7000000.0,36119.0,2576380.0,1781500.0,433482.0,99980.0,,8224500.0,3594560.0,27919.0,140878.0,2318.0,50000.0,563000.0,12097300.0,,3382762.0,,5300.0,11900559.0,100369008.0,8835000.0,,39000.0,1271000.0,3614260.0
2,1963,3300000.0,407100.0,525000.0,1500000.0,6000.0,40009120.0,,18548832.0,2437123.0,,3500.0,21150000.0,15800.0,,,2847478.0,26000.0,370099.0,200000.0,1930000.0,,1580000.0,59703040.0,2500.0,1582207.0,1840000.0,458860.0,13905.0,1600000.0,1850000.0,11223000.0,415000.0,4250000.0,2819000.0,47417753.5,16279000.0,47300.0,1067819.0,,5974900.0,33000.0,3343430.0,13000.0,4900.0,1115000.0,1909000.0,1158000.0,2400.0,,,531540.0,25146608.0,2707.0,112986.0,2174800.0,20286000.0,12400.0,2800.0,,17862288.0,600000.0,1060000.0,7000.0,1263337.0,1280000.0,230000.0,113950.0,760000.0,1446778.0,15520.0,1905921.0,55901.0,173971008.0,6538000.0,1550000.0,4300600.0,242600.0,9152010.0,240000.0,3500000.0,61100.0,,6800000.0,4100.0,,110000.0,336146.0,21000.0,106300.0,,,8500000.0,396145.0,322779.0,3923104.0,6731.0,2240000.0,44000.0,17710000.0,,1702000.0,,2686000.0,1000000.0,5695813.0,2284280.0,5830000.0,3695185.0,105000.0,6690964.0,1669000.0,3590000.0,6627000.0,,1122000.0,61000.0,14269000.0,842400.0,29129.0,4300000.0,3801500.0,1197200.0,9841000.0,1127000.0,488000.0,4300.0,4383800.0,,500379.0,17770.0,3861.0,114000.0,1918000.0,,1450.0,250000.0,7114.0,,5950.0,3250000.0,12600000.0,,3682946.0,1588807.0,,8050000.0,36905.0,2447060.0,1716000.0,448800.0,99987.0,,8549000.0,3624360.0,29067.0,157975.0,2830.0,51000.0,480000.0,12662000.0,,3464603.0,,5600.0,11756825.0,104488000.0,8682000.0,,45000.0,1270000.0,3715000.0
3,1964,3350000.0,401500.0,531000.0,1650000.0,7000.0,42300000.0,,19054704.0,2310667.0,,3600.0,22986000.0,15600.0,,,2641407.0,29716.0,393100.0,205000.0,1980000.0,,1563000.0,61732944.0,1539.0,1494171.0,2000000.0,480000.0,12720.0,1700000.0,1600000.0,11678000.0,430000.0,4310000.0,2844600.0,48998031.0,16584000.0,51600.0,1135105.0,,6378000.0,34000.0,3276525.0,13500.0,4700.0,1109000.0,1900000.0,1169000.0,2410.0,,,544883.0,25269904.0,2564.0,112986.0,2145900.0,20040608.0,12000.0,3000.0,,17627696.0,700000.0,1034000.0,6801.0,1300000.0,1320000.0,230000.0,136350.0,780000.0,1464877.0,14300.0,1883359.0,57211.0,175800000.0,6537000.0,1500000.0,4368800.0,215800.0,8608200.0,240000.0,3465000.0,65000.0,,7398000.0,4200.0,,92004.0,308000.0,22000.0,107565.0,,,8500000.0,411400.0,331364.0,4262000.0,7987.0,2290000.0,45683.0,18530000.0,,1856000.0,,2871000.0,1050000.0,6069138.0,2290000.0,5840000.0,3567379.0,95100.0,6696205.0,1744000.0,3970000.0,6946000.0,,1101851.0,62000.0,14314000.0,890610.0,33503.0,4350000.0,3625000.0,1382900.0,9940000.0,1141000.0,498000.0,4500.0,4456100.0,,516300.0,17785.0,3506.0,116000.0,1967000.0,,1470.0,260000.0,7114.0,,5950.0,3300000.0,12600000.0,,3670946.0,1851187.0,,9105000.0,37489.0,2311000.0,1698000.0,462897.0,101762.0,,8837000.0,3752910.0,36213.0,165515.0,2662.0,52000.0,542000.0,12704000.0,,3463937.0,,5800.0,11668559.0,107903008.0,8698000.0,,50000.0,1267000.0,3501193.0
4,1965,3400000.0,427100.0,602000.0,1800000.0,7000.0,46708688.0,,18815792.0,2350269.0,,3700.0,22370000.0,16000.0,,,2685510.0,33000.0,449300.0,210000.0,2030000.0,,1263000.0,63831856.0,1295.0,1474020.0,2300000.0,516300.0,12633.0,1770000.0,1740000.0,12128000.0,450000.0,4370000.0,2870171.0,52476726.0,16882000.0,56000.0,1210457.0,,6575300.0,34500.0,3345396.0,15000.0,4400.0,1104000.0,2000000.0,1181000.0,2958.0,,,510085.0,25424896.0,2545.0,113000.0,2027500.0,20243904.0,12000.0,3577.0,,17735488.0,750000.0,1017000.0,6900.0,1330000.0,1360000.0,230000.0,167350.0,800000.0,1483203.0,11196.0,1963869.0,59751.0,175900000.0,6816000.0,1454923.0,4524200.0,217100.0,9182600.0,240000.0,3193000.0,72600.0,,7500000.0,4300.0,,103779.0,418951.0,23000.0,108634.0,,,8800000.0,432293.0,336301.0,4640433.0,7258.0,2340000.0,45000.0,19318000.0,,1982000.0,,3044000.0,1100000.0,6394478.0,2300000.0,5850000.0,3750629.0,103500.0,6801333.0,1819400.0,4100000.0,7236000.0,,1059412.0,63000.0,14359000.0,968600.0,39849.0,4400000.0,3644000.0,1559900.0,9947200.0,1108000.0,485000.0,4500.0,4574800.0,,521400.0,17924.0,3025.0,118000.0,2219000.0,,1500.0,270000.0,7114.0,,7500.0,3350000.0,12500000.0,,3696617.0,1903576.0,,9105000.0,40813.0,2250100.0,1773000.0,505608.0,102256.0,,10052000.0,3887530.0,43138.0,170454.0,2101.0,55000.0,592000.0,13211000.0,,3496797.0,,6000.0,11987860.0,109000000.0,8142000.0,,54000.0,1302000.0,3546600.0
5,1966,3600000.0,426400.0,700000.0,1900000.0,6750.0,48800000.0,,17935984.0,2441388.0,,3800.0,23500000.0,16500.0,,,2782000.0,34500.0,506700.0,215000.0,2080000.0,,1044000.0,66002144.0,1879.0,1450145.0,2340000.0,521400.0,12828.0,1850000.0,1882000.0,11902000.0,500000.0,4500000.0,2900000.0,53631439.5,17372000.0,60000.0,1294206.0,,6699500.0,34500.0,3373631.0,18000.0,4100.0,1099000.0,2274000.0,1193000.0,2915.0,,,491028.0,25603904.0,2589.0,112986.0,2049000.0,20640304.0,12000.0,4000.0,,18442496.0,750000.0,1045928.0,7000.0,1327637.0,1400000.0,230000.0,176375.0,800000.0,1501784.0,13208.0,1973249.0,59542.0,176212000.0,6789000.0,1520000.0,4945700.0,202100.0,9386000.0,240000.0,2907000.0,78300.0,,7740000.0,4400.0,,104825.0,278940.0,24000.0,109958.0,,,9630000.0,432293.0,335082.0,4773000.0,8137.0,2390000.0,45000.0,20524000.0,,2093000.0,,3277000.0,1134000.0,6095815.0,2330000.0,5860000.0,3968471.0,112000.0,7217720.0,1929100.0,4200000.0,7516000.0,,1040898.0,63500.0,14404000.0,1010700.0,44156.0,4350000.0,3686000.0,1582500.0,10390800.0,1080000.0,495000.0,4700.0,4755000.0,,614722.0,17538.0,2770.0,120000.0,2424000.0,,1530.0,278000.0,7114.0,,7500.0,3400000.0,10445852.0,,3694000.0,1745759.0,,10012000.0,42531.0,2210818.0,1796400.0,523900.0,103655.0,,9276000.0,4028550.0,51434.0,169397.0,2037.0,56000.0,592000.0,13203000.0,,3496797.0,,6000.0,12252059.0,108862000.0,8187676.0,,60000.0,1324000.0,3397210.0
6,1967,3600000.0,434800.0,801000.0,2096323.0,7000.0,51227008.0,,18269744.0,2496912.0,,3800.0,24000000.0,16800.0,,,2770000.0,33000.0,527704.0,220000.0,2131900.0,,1249000.0,68246224.0,1832.0,1384665.0,2400000.0,583400.0,13346.0,2084000.0,1850000.0,11723000.0,550000.0,4565000.0,3096940.0,56007954.5,18082000.0,61000.0,1325000.0,,6774200.0,36000.0,3281665.0,18000.0,3800.0,1093000.0,2314000.0,1205000.0,2951.0,,,504423.0,25782896.0,2478.0,134504.0,2035600.0,21183904.0,12000.0,4000.0,,18891600.0,800000.0,1081656.0,6500.0,1241649.0,1350000.0,230000.0,158750.0,825000.0,1520571.0,10530.0,2013677.0,54530.0,176384000.0,6816000.0,1600000.0,5149900.0,209400.0,9503000.0,240000.0,2952000.0,40700.0,,7730000.0,4500.0,,96896.0,375709.0,25000.0,116222.0,,,9707000.0,450128.0,340273.0,4895000.0,8849.0,2440000.0,46000.0,21047008.0,,2074000.0,,3377000.0,1135074.0,6288000.0,2350000.0,5985000.0,4029806.0,115000.0,7746866.0,2019800.0,4320000.0,7828000.0,,995676.0,65000.0,14449000.0,1036600.0,50026.0,4300000.0,3711000.0,1574800.0,10767500.0,1050000.0,490000.0,4900.0,5015900.0,,682104.0,18779.0,3283.0,120727.0,2477000.0,,1570.0,283000.0,7144.0,,8786.0,3500000.0,10538274.0,,3844054.0,1659266.0,,11014000.0,46996.0,2083448.0,1835300.0,465900.0,105379.0,,9485000.0,4176320.0,44212.0,173024.0,1775.0,58000.0,618000.0,13769000.0,,3626643.0,,8000.0,12386952.0,108783008.0,8570000.0,,64000.0,1407000.0,3939653.0
7,1968,3633000.0,420000.0,841000.0,2095222.0,7350.0,51465008.0,,19218000.0,2479997.0,,3800.0,24500000.0,17000.0,,,2784000.0,33000.0,524554.0,225000.0,2183658.0,,1400000.0,70566608.0,2145.0,1362706.0,2425000.0,596488.0,14000.0,2268000.0,1900000.0,11677000.0,600000.0,4630000.0,2876280.0,56917650.0,18830000.0,63000.0,1354958.0,,6876700.0,37000.0,3140861.0,20000.0,3600.0,1082000.0,2353300.0,1217000.0,3000.0,,,514964.0,25960704.0,2486.0,140447.0,2070500.0,21679008.0,10604.0,4000.0,,18999696.0,850000.0,1093712.0,6700.0,1370814.0,1350000.0,230000.0,153900.0,850000.0,1539593.0,10880.0,2096256.0,52289.0,176731008.0,7873000.0,1650000.0,5030300.0,224700.0,9538900.0,240000.0,3183000.0,39800.0,,7750000.0,4600.0,,86379.0,442582.0,26000.0,118557.0,,,9780000.0,464006.0,306337.0,4752000.0,9850.0,2500000.0,46000.0,21348000.0,,2031000.0,,3315000.0,1184154.0,6557891.0,2400000.0,6105000.0,4116287.0,118000.0,8247163.0,2154500.0,4450000.0,8190000.0,,1008353.0,66500.0,14494000.0,1118600.0,59314.0,4300000.0,3811000.0,1643800.0,10940000.0,1130264.0,497000.0,5000.0,5127200.0,,625152.0,19429.0,3296.0,135000.0,2527000.0,,1600.0,287000.0,7144.0,,9969.0,3650000.0,10697654.0,,4000000.0,1659603.0,,12115000.0,47200.0,2061631.0,1854990.0,497210.0,104420.0,,9698000.0,4290256.0,48917.0,176868.0,2217.0,59000.0,630000.0,14165000.0,,3682325.0,,10000.0,12195367.0,109371008.0,8622000.0,,68900.0,1433000.0,4071000.0
8,1969,3600000.0,416400.0,871000.0,2300000.0,7750.0,48298208.0,,20611008.0,2433168.0,,4000.0,25000000.0,20000.0,,,2847000.0,34000.0,565670.0,230000.0,2190000.0,,1630000.0,72965856.0,2237.0,1296823.0,2500000.0,660410.0,14000.0,2399000.0,2100000.0,11401000.0,630000.0,4500000.0,2910710.0,57779173.0,19500000.0,65000.0,1422706.0,,6647900.0,39000.0,2999694.0,20000.0,3400.0,1090000.0,2393300.0,1229000.0,3100.0,,,538230.0,26108304.0,2505.0,146000.0,1981300.0,21565504.0,10000.0,3200.0,,19170192.0,900000.0,1037578.0,6000.0,1395236.0,1300000.0,230000.0,141150.0,850000.0,1558853.0,13800.0,2005666.0,52274.0,177086000.0,6447000.0,1730000.0,5086300.0,232400.0,10024000.0,250000.0,3487000.0,49300.0,,7800000.0,4941.0,,85715.0,474356.0,27000.0,104662.0,,,9400000.0,479916.0,320426.0,5381000.0,8849.0,1920000.0,47000.0,21653008.0,,1979000.0,,3580000.0,1223846.0,6694357.0,2450000.0,6226000.0,3694000.0,120300.0,8604874.0,2293100.0,4130000.0,8578000.0,,973425.0,68000.0,14539000.0,1156800.0,66598.0,4300000.0,4059700.0,1628900.0,11048900.0,1244000.0,507000.0,5100.0,4949300.0,,675523.0,19491.0,3112.0,150000.0,2556000.0,,1650.0,291000.0,6000.0,,11320.0,3800000.0,11007313.0,,4184740.0,1584462.0,,12000000.0,39800.0,2042835.0,1869300.0,514125.0,104546.0,,9916000.0,4451590.0,56797.0,175724.0,2461.0,60000.0,660000.0,13761000.0,,3971000.0,,12000.0,12418986.0,110015008.0,8900000.0,,73000.0,1547000.0,4802000.0
9,1970,3700000.0,413700.0,885000.0,2514177.0,7800.0,48439648.0,,22162464.0,2417930.0,,4000.0,25686000.0,20000.0,,,2899000.0,36000.0,566400.0,236000.0,2290800.0,,1650000.0,75446704.0,2500.0,1255481.0,2550000.0,685407.0,13893.0,2300000.0,2325000.0,11626000.0,680000.0,4500000.0,2998675.0,57558102.5,20200000.0,66000.0,1496260.0,,6282400.0,40000.0,2842271.0,22000.0,3168.0,1100000.0,2433900.0,1241000.0,3200.0,,,568369.0,26231504.0,2555.0,149500.0,1872900.0,21719296.0,9800.0,2057.0,,19457408.0,903000.0,996856.0,6500.0,1442859.0,1300000.0,230000.0,129650.0,900000.0,1578354.0,13160.0,1932552.0,53401.0,177442000.0,6137000.0,1830000.0,5229000.0,240400.0,9563000.0,270000.0,3622000.0,43600.0,,8600000.0,5940.0,,87000.0,551522.0,28000.0,107870.0,,,8781709.0,491459.0,325522.0,5310000.0,8841.0,1800000.0,48000.0,22798000.0,,1991000.0,,3600000.0,1259829.0,6833256.0,2500000.0,6300000.0,3679000.0,120300.0,8777332.0,2430700.0,4000000.0,8887000.0,,943002.0,69000.0,14584000.0,1187700.0,76094.0,4340000.0,4127300.0,1678700.0,10843500.0,1259000.0,518000.0,5300.0,4859578.0,,709354.0,19774.0,3060.0,160000.0,2615000.0,,1700.0,296000.0,5000.0,,12099.0,3800000.0,11300000.0,,4288070.0,1593306.0,,12300000.0,40200.0,1925968.0,1907400.0,528402.0,103045.0,,10139000.0,4666969.0,67035.0,194345.0,3097.0,63000.0,700000.0,13189000.0,,4280500.0,,15000.0,12627516.0,112369008.0,8563747.0,,74500.0,1574000.0,5190000.0
10,1971,3680000.0,407600.0,918000.0,2727000.0,8000.0,49786000.0,,24373136.0,2468266.0,,4200.0,25500000.0,21000.0,,,2901000.0,38399.0,587800.0,242000.0,2411840.0,,1700000.0,78562256.0,2058.0,1278598.0,2601000.0,682905.0,12007.0,2200000.0,2500000.0,11985000.0,720000.0,4500000.0,2860000.0,57554003.5,21000000.0,67000.0,1573617.0,,5738100.0,35500.0,2722871.0,22000.0,3600.0,1338962.0,2346000.0,1100000.0,3300.0,,,571785.0,26589696.0,2550.0,152323.0,1865400.0,21723008.0,9000.0,3295.0,,19216160.0,903000.0,952350.0,6600.0,1585393.0,1300000.0,236000.0,130000.0,940000.0,1598083.0,12200.0,1917305.0,53294.0,177814000.0,6245000.0,1860000.0,5405000.0,233500.0,8721290.0,270000.0,3644000.0,38800.0,,8900000.0,4977.0,,89624.0,470000.0,30000.0,101143.0,,,8043914.0,491517.0,348786.0,5510000.0,9590.0,1850000.0,48000.0,22227008.0,,2107800.0,,3670000.0,1338238.0,6993752.0,2550000.0,6350000.0,3465000.0,120315.0,7994100.0,2202000.0,4100000.0,9203000.0,,931691.0,68000.0,14629000.0,1259892.0,84742.0,4459000.0,4310100.0,1795000.0,11076300.0,1253000.0,530000.0,5400.0,5216000.0,,748157.0,20068.0,2920.0,170000.0,2674000.0,,1741.0,300000.0,3000.0,,13654.0,3650000.0,11234298.0,,4235000.0,1624954.0,,12600000.0,37000.0,1832998.0,1822700.0,506222.0,95807.0,,10367000.0,4460230.0,70607.0,191846.0,3181.0,65000.0,750000.0,12756000.0,,4223900.0,,20000.0,12850620.0,114578000.0,8727000.0,,83555.0,1620000.0,5542000.0
11,1972,3400000.0,396500.0,890000.0,2800000.0,8000.0,52300600.0,,27373312.0,2498971.0,,5000.0,25500000.0,20000.0,,,2829000.0,40000.0,646200.0,248000.0,2564875.0,,2000000.0,83000000.0,2271.0,1378905.0,2400000.0,724780.0,14804.0,2100000.0,2325000.0,12324000.0,770000.0,4690000.0,3187990.0,57539485.5,21500000.0,68000.0,1655052.0,,5514500.0,33500.0,2778855.0,24000.0,4000.0,1423000.0,2358000.0,1150000.0,3300.0,,,589220.0,26353696.0,2368.0,156323.0,1835000.0,21764096.0,8000.0,4500.0,,18930864.0,933000.0,986355.0,5500.0,1739915.0,1320256.0,242000.0,130900.0,960000.0,1618091.0,11515.0,1882000.0,59197.0,178384000.0,6286000.0,1880000.0,5516000.0,239200.0,8611200.0,270000.0,3596000.0,46394.0,,9200000.0,5344.0,,89992.0,440000.0,31000.0,105705.0,,,8250000.0,540865.0,361696.0,4773000.0,9049.0,1550000.0,45000.0,22206000.0,,2176100.0,,3500000.0,1262422.0,7157961.0,2600000.0,6400000.0,3748000.0,115000.0,8631413.0,2200000.0,4220000.0,9550000.0,,940376.0,81600.0,14674000.0,1288900.0,96128.0,4548200.0,4145200.0,1933000.0,11452500.0,1266000.0,538000.0,5616.0,5324212.0,,742512.0,20375.0,2366.0,185920.0,2508000.0,,1819.0,304000.0,2500.0,,15798.0,3700000.0,11500000.0,,4249276.0,1617011.0,,12900000.0,35100.0,1828581.0,1840600.0,487821.0,95456.0,,10600000.0,4484962.0,77945.0,198863.0,3781.0,67000.0,780000.0,12939000.0,,4472600.0,,23000.0,13529612.0,117862000.0,9272651.0,,84000.0,1668000.0,5601000.0
12,1973,3232000.0,412000.0,872090.0,2850000.0,7800.0,54771008.0,,29100688.0,2513563.0,,5000.0,24430000.0,21000.0,,,2942000.0,42000.0,683760.0,254000.0,2658810.0,,2117000.0,85500000.0,2000.0,1441093.0,2300000.0,756096.0,12500.0,2000000.0,2325000.0,12847000.0,820000.0,4000000.0,3164614.0,57054768.0,22000000.0,70000.0,1766313.0,,5354000.0,33500.0,2956546.0,24000.0,4400.0,1500000.0,2381000.0,1007674.0,3400.0,,,602414.0,26757008.0,2263.0,162000.0,1884300.0,22508608.0,7000.0,4000.0,,19271360.0,962000.0,1054827.0,6000.0,1693900.0,1381248.0,248000.0,133300.0,925000.0,1640582.0,11400.0,1893000.0,65280.0,178331008.0,6389000.0,1900000.0,5945700.0,260200.0,8737800.0,272000.0,3597000.0,46300.0,,9381000.0,5970.0,,83817.0,441700.0,32000.0,120750.0,,,8500000.0,572905.0,365740.0,4500000.0,9856.0,1500000.0,41094.0,22160000.0,,2189400.0,,3600000.0,1355613.0,7302000.0,2650000.0,6450000.0,4111000.0,120000.0,8924171.0,2295000.0,2732880.0,9975000.0,,965557.0,97900.0,14719000.0,1312200.0,106945.0,4756000.0,4102600.0,2099000.0,12192200.0,1273097.0,554000.0,5800.0,5555947.0,,739902.0,20983.0,2561.0,232056.0,2250000.0,,1901.0,309000.0,3000.0,,17192.0,3650000.0,11900000.0,,4475439.0,1673400.0,,13972000.0,30500.0,1889887.0,1910827.0,495679.0,98136.0,,10840000.0,4092775.0,82949.0,207459.0,4225.0,70000.0,820000.0,13045000.0,,4628700.0,,33000.0,14492291.0,121539008.0,9860187.0,,95000.0,1705871.0,5642000.0
13,1974,3433000.0,440000.0,910140.0,2900000.0,7471.0,55354672.0,,30838784.0,2624196.0,,4400.0,24959008.0,18500.0,,,3104000.0,44698.0,633760.0,260000.0,3096000.0,,2316000.0,90437008.0,3000.0,1454195.0,2435000.0,761022.0,10800.0,1870000.0,2400000.0,13481000.0,860000.0,2970000.0,3456725.0,56732650.0,22500000.0,72000.0,1741299.0,,5374600.0,33000.0,3099779.0,26000.0,4800.0,1837000.0,2412000.0,1038190.0,4000.0,,,607366.0,26926000.0,2202.0,170000.0,1904800.0,23701008.0,6000.0,3000.0,,19845504.0,1061000.0,1231732.0,5500.0,1561902.0,1440280.0,254000.0,135700.0,875000.0,1795115.0,11200.0,1930000.0,67338.0,178580000.0,6380000.0,2048000.0,6408000.0,279700.0,8407500.0,274000.0,3650000.0,46613.0,,9616000.0,7369.0,,60000.0,465500.0,33000.0,150285.0,,,8700000.0,625987.0,398657.0,3640000.0,10035.0,1115000.0,33500.0,23058000.0,,2234600.0,,3400000.0,1403000.0,7298767.0,2980000.0,6500000.0,4666000.0,110000.0,9311364.0,2462378.0,3006160.0,10253000.0,,955234.0,117500.0,14764000.0,1332800.0,119967.0,4844700.0,4143600.0,1900000.0,13023000.0,1072000.0,541200.0,6000.0,5691100.0,,705347.0,22790.0,2348.0,260000.0,2318000.0,,1987.0,314000.0,2500.0,,21228.0,3400000.0,12300000.0,,4412694.0,1717711.0,,14223000.0,28100.0,1909897.0,1972500.0,524364.0,102100.0,,11084000.0,4149791.0,85495.0,206558.0,3970.0,71000.0,860000.0,13236000.0,,4773300.0,,38000.0,15250043.0,127788000.0,10672000.0,,100000.0,1721410.0,5732000.0
14,1975,3639000.0,450000.0,1002430.0,2950000.0,7500.0,56707008.0,,32792704.0,2581407.0,,4500.0,25500000.0,14000.0,,,3102000.0,47000.0,721712.0,266000.0,3244035.0,,2564000.0,92495360.0,3000.0,1553968.0,2500000.0,784020.0,9500.0,1500000.0,2600000.0,14278000.0,875000.0,3250000.0,3606210.0,56618451.5,23222000.0,73000.0,1790361.0,,5484100.0,15500.0,3060152.0,26000.0,5200.0,1900000.0,2465000.0,1030600.0,4000.0,,,621721.0,25879008.0,2155.0,177000.0,1843300.0,24040000.0,6200.0,2500.0,,20014880.0,898000.0,1240447.0,5000.0,1512851.0,1489188.0,260000.0,138225.0,850000.0,1816714.0,9940.0,2017000.0,66530.0,179457008.0,6242000.0,1850000.0,6499600.0,300000.0,8153400.0,276000.0,3644000.0,35409.0,,9712000.0,8435.0,,56000.0,512400.0,34000.0,189170.0,,,8811000.0,648533.0,425620.0,3886000.0,11195.0,1103000.0,28500.0,24301008.0,,2364500.0,,3620000.0,1422128.0,7405188.0,1850000.0,6550000.0,4714000.0,115000.0,9292321.0,2557985.0,3252670.0,10548000.0,,914905.0,125900.0,14810000.0,1347900.0,125000.0,5043300.0,4150400.0,1800000.0,13254279.0,1150000.0,545852.0,7000.0,5774100.0,,686813.0,25056.0,2221.0,281753.0,2380000.0,,2076.0,318000.0,2000.0,,22668.0,3744000.0,12700000.0,,4416528.0,1711618.0,,15220000.0,26200.0,1878580.0,1964800.0,556688.0,118963.0,,11333300.0,4141725.0,78000.0,216886.0,6441.0,72000.0,880000.0,13388000.0,,4867900.0,,28000.0,14764084.0,132028000.0,11530000.0,,105000.0,1793983.0,6132000.0
15,1976,3700000.0,500000.0,1014720.0,2750000.0,7700.0,58174000.0,,33434192.0,2500491.0,,4600.0,26057008.0,14000.0,,,3010711.0,48900.0,711350.0,272000.0,3398110.0,,2855000.0,101674000.0,3000.0,1656317.0,2550000.0,778000.0,9200.0,1000000.0,2750000.0,14048000.0,900000.0,3636000.0,3389499.0,55616429.0,23824880.0,74300.0,1841034.0,,5621800.0,14700.0,3095404.0,28000.0,5600.0,1950000.0,2551000.0,1108800.0,4000.0,,,634241.0,25452000.0,2133.0,184000.0,1815300.0,24077008.0,6300.0,3000.0,,20024928.0,829000.0,1184155.0,6000.0,1271358.0,1500000.0,266000.0,130779.5,850000.0,1838969.0,10270.0,1904000.0,61635.0,180350000.0,6237000.0,1804000.0,6213700.0,305400.0,8446200.0,280000.0,3723000.0,38500.0,,9500000.0,9000.0,,40000.0,505400.0,35000.0,195788.0,,,8886000.0,700471.0,451136.0,4080000.0,14449.0,1146000.0,28000.0,25471008.0,,2427000.0,,3620000.0,1325775.0,7526301.0,1950000.0,6650000.0,4606000.0,115000.0,9017094.0,2659928.0,3464090.0,10962000.0,,921231.0,133800.0,14855000.0,1361200.0,131596.0,5567700.0,4189600.0,1736620.0,12879023.0,1080000.0,560648.0,8000.0,5912100.0,,637641.0,26011.0,2400.0,320704.0,2440000.0,,2169.0,323000.0,1000.0,,24110.0,3620000.0,12774000.0,,4407838.0,1743754.0,,15281000.0,25850.0,1862614.0,2004700.0,574039.0,128572.0,,11588200.0,4322375.0,70200.0,218612.0,5898.0,73000.0,900000.0,13751000.0,,4989500.0,,15900.0,14069000.0,127980000.0,10383000.0,,110000.0,2009072.0,6316000.0
16,1977,3650000.0,520000.0,1130160.0,2800000.0,7800.0,61053808.0,,31533376.0,2502422.0,,4969.0,26624000.0,14000.0,,,3022000.0,49000.0,725577.0,279000.0,3578280.0,,3100000.0,107296560.0,3000.0,1721691.0,2600000.0,792000.0,9500.0,900000.0,2917250.0,13362000.0,1000000.0,4068000.0,3426874.0,53900972.0,24446800.0,75100.0,1920087.0,,5439600.0,17100.0,3098735.0,35000.0,6000.0,1926000.0,2712260.0,1282700.0,4100.0,,,634090.0,25655008.0,2075.0,191000.0,1762300.0,23840000.0,6500.0,3100.0,,19967808.0,762000.0,1115114.0,6500.0,1431080.0,1500000.0,272000.0,121007.0,850000.0,1861974.0,9660.0,1887000.0,60783.0,180286000.0,6217000.0,1804235.0,6210000.0,307800.0,8736900.0,282000.0,3875000.0,25500.0,,9400000.0,9863.0,,25000.0,485500.0,36000.0,179379.0,,,9128000.0,718544.0,469199.0,4076000.0,15004.0,1192000.0,30000.0,26085008.0,,2417000.0,,3400000.0,1350000.0,7694000.0,2223198.0,6703000.0,4528000.0,115000.0,8737641.0,2768277.0,3671940.0,11223000.0,,944920.0,135000.0,14901000.0,1373900.0,131500.0,5799900.0,4184400.0,1723360.0,13019223.0,1210000.0,570871.0,9893.0,6128800.0,,628731.0,25559.0,2500.0,316428.0,2514000.0,,2266.0,328000.0,1000.0,,24775.0,4040000.0,13060000.0,,4500166.0,1691600.0,,15367229.0,25000.0,1877843.0,2004800.0,639451.0,142268.0,,11848900.0,4341152.0,60000.0,229760.0,6268.0,74000.0,906000.0,14102000.0,,4911100.0,,18566.0,13712000.0,122810000.0,10111000.0,,105000.0,2086768.0,6614000.0
17,1978,3730000.0,570000.0,1212880.0,2900000.0,10000.0,57791008.0,,29329872.0,2548678.0,,5100.0,30520000.0,16000.0,,,3019000.0,49000.0,740089.0,286000.0,4208600.0,,2900000.0,106942560.0,3000.0,1736127.0,2653000.0,799000.0,10000.0,850000.0,3000000.0,12526000.0,1155000.0,4163000.0,3487045.0,52779429.5,24468000.0,76400.0,2002000.0,,5346600.0,18700.0,3081306.0,40000.0,6400.0,1851000.0,2777083.0,1350000.0,4100.0,,,644156.0,25864000.0,1818.0,188000.0,1779200.0,23761904.0,6500.0,3200.0,,20312288.0,745000.0,1036382.0,7099.0,1499592.0,1500000.0,278000.0,113972.0,900000.0,1895267.0,9280.0,1949000.0,62677.0,181992000.0,6330000.0,1698000.0,6245500.0,308900.0,8487300.0,270000.0,4009000.0,29000.0,,10200000.0,11950.0,,80000.0,526151.0,37000.0,183300.0,,,10150000.0,744074.0,503826.0,4404000.0,14052.0,1126000.0,21098.0,26362000.0,,2388000.0,,3600000.0,1370000.0,7932000.0,2250287.0,6770000.0,4673000.0,125000.0,8418011.0,2782000.0,3881240.0,11576000.0,,953814.0,129775.0,14946000.0,1395000.0,131476.0,5809500.0,4243300.0,1820210.0,13115400.0,1287000.0,562171.0,7385.0,6085300.0,,647206.0,26293.0,2600.0,352669.0,2533000.0,,2366.0,333000.0,1000.0,,25185.0,4532000.0,13135000.0,,4705635.0,1541300.0,,15941000.0,34495.0,1891991.0,2023679.0,694539.0,103563.0,,12115500.0,4436607.0,50000.0,226400.0,9601.0,75000.0,774000.0,14540000.0,,5245600.0,,23332.0,13568000.0,116375008.0,10001000.0,,100000.0,2127170.0,6027000.0
18,1979,3710000.0,602000.0,1327610.0,3000000.0,13000.0,56864000.0,,27111664.0,2593606.0,,5572.0,31741008.0,16500.0,,,3085000.0,50000.0,754944.0,293000.0,4523200.0,,2840000.0,109177488.0,3000.0,1762509.0,2706000.0,819000.0,10200.0,739000.0,3100000.0,11996000.0,1560000.0,4260000.0,3575000.0,52576693.0,24132096.0,72000.0,2093100.0,,5229200.0,20100.0,3035396.0,40000.0,6800.0,1950000.0,2846057.0,1386782.0,4100.0,,,660505.0,25900000.0,1890.0,205000.0,1736100.0,23906000.0,7000.0,4000.0,,20579216.0,780000.0,975202.0,6794.0,1574570.0,1500000.0,284000.0,69277.5,900000.0,1931088.0,9450.0,1966000.0,62789.0,184300000.0,6362000.0,1697665.0,6132100.0,302500.0,8638800.0,273000.0,4150000.0,32000.0,,11453400.0,13956.0,,55000.0,560327.0,38000.0,180880.0,,,10000000.0,789533.0,509709.0,4765000.0,13701.0,1193000.0,25000.0,26493008.0,,2482000.0,,3460900.0,1380000.0,8307000.0,2389343.0,6850000.0,4797000.0,120000.0,8022405.0,2525077.0,4125760.0,11877000.0,,968843.0,135182.0,14992000.0,1436700.0,132499.0,5703300.0,4298700.0,1833210.0,13035611.0,1294000.0,523933.0,7450.0,6282600.0,,631353.0,27983.0,2700.0,373261.0,2500000.0,,2470.0,340000.0,1000.0,,22584.0,4479000.0,14167000.0,,4615000.0,1622500.0,,17300000.0,41984.0,1910838.0,2038000.0,759929.0,87936.0,,12388000.0,4275825.0,40000.0,229616.0,9840.0,77000.0,565000.0,14941000.0,,5242200.0,,25000.0,13538000.0,110864000.0,10300000.0,,96000.0,2214272.0,5569000.0
19,1980,3710000.0,606000.0,1363000.0,3100000.0,15000.0,55760496.0,,26202704.0,2547905.0,,5570.0,21556000.0,18000.0,,,3111000.0,50000.0,828990.0,299169.0,4698700.0,,2911000.0,118971424.0,3000.0,1786823.0,2760000.0,600000.0,11000.0,772000.0,3681030.0,12126000.0,1690000.0,4360000.0,3625000.0,52453610.5,23945488.0,70000.0,2181385.0,,5212500.0,22300.0,2961000.0,46000.0,7200.0,1995018.0,3005390.0,1210660.0,4200.0,,,657608.0,26000000.0,2042.0,212000.0,1752500.0,23919088.0,8000.0,4700.0,,20645840.0,804000.0,932340.0,6500.0,1987670.0,1500000.0,290000.0,87750.0,1000000.0,1988176.0,4980.0,1925000.0,57172.0,186500000.0,6440000.0,1702000.0,6170900.0,304200.0,8719300.0,290000.0,4248000.0,28000.0,,10000000.0,16158.0,,55613.0,593929.0,39000.0,156000.0,,,10201000.0,789529.0,549522.0,5850000.0,14210.0,1197000.0,30000.0,27742000.0,,2477000.0,,3376200.0,1400000.0,8531000.0,2480830.0,6900000.0,5225857.0,110000.0,8131214.0,2270207.0,4381560.0,12108000.0,,984700.0,140589.0,15038000.0,1404900.0,129000.0,5854400.0,4239000.0,1882860.0,12648608.0,1324000.0,478989.0,9870.0,6285400.0,,634321.0,26284.0,2800.0,398726.0,2238000.0,,2578.0,348000.0,1000.0,,22995.0,4358000.0,13575000.0,,4679000.0,1644300.0,,18354416.0,46213.0,1935022.0,2030600.0,767931.0,80225.0,,12577600.0,3938221.0,30700.0,220856.0,10000.0,77000.0,599000.0,15567000.0,,4770600.0,,25665.0,13363000.0,111242000.0,11173000.0,,94000.0,2181214.0,5279000.0
20,1981,3750000.0,610000.0,1376400.0,3150000.0,15000.0,54234800.0,,25167984.0,2516872.0,,5570.0,21863008.0,19000.0,,,3116000.0,50000.0,853859.0,304047.0,4487800.0,,2967000.0,121785008.0,3000.0,1795669.0,2815000.0,421600.0,12000.0,917000.0,3782385.0,12166000.0,1735000.0,4461000.0,3750000.0,52557670.0,24251040.0,68000.0,2275010.0,,5057200.0,24400.0,2914000.0,55000.0,7500.0,1809806.0,3110060.0,1105700.0,4200.0,,,655692.0,26100000.0,2152.0,219000.0,1752900.0,23650000.0,9000.0,5400.0,,20791952.0,828000.0,880833.0,6300.0,2096200.0,1500000.0,297000.0,84050.0,1100000.0,2020186.0,5200.0,1918000.0,59933.0,188700000.0,6516000.0,1670000.0,5825500.0,291100.0,8733600.0,275000.0,4385000.0,28000.0,,9800000.0,20000.0,,56000.0,589976.0,40000.0,132000.0,,,10241000.0,870576.0,557760.0,6396000.0,11385.0,1397000.0,27000.0,28883008.0,,2397100.0,,3247870.0,1420000.0,8857000.0,2082672.0,6930000.0,5191497.0,110000.0,8035468.0,2323557.0,4648830.0,12214000.0,,1014500.0,146468.0,15774000.0,1432740.0,128264.0,6341384.0,4289000.0,1939950.0,11796974.0,1379000.0,488600.0,9805.0,6485000.0,,610627.0,24564.0,2900.0,350000.0,2261000.0,,2691.0,360000.0,1000.0,,23336.0,4473000.0,12900000.0,,4531084.0,1720400.0,,19474000.0,51230.0,1938800.0,1954300.0,807000.0,80124.0,,12881028.0,4468796.0,30000.0,237464.0,10800.0,76000.0,586000.0,15894000.0,,4745400.0,,26832.0,13062000.0,114351008.0,11420838.0,,93000.0,2317933.0,5286000.0
21,1982,3740000.0,610000.0,1501000.0,3200000.0,16000.0,52650000.0,,24552800.0,2530232.0,,6000.0,22174000.0,17500.0,,,3072000.0,50000.0,879746.0,321234.0,4601600.0,,2979000.0,123488000.0,2000.0,1806885.0,2871000.0,430600.0,12930.0,1143000.0,3511900.0,12162000.0,1865000.0,4565000.0,3800000.0,53874411.0,24499296.0,65000.0,2276300.0,,5095100.0,27231.0,2862000.0,65000.0,7800.0,1968572.0,3220910.0,964000.0,4200.0,,,636036.0,26200000.0,2199.0,226000.0,1705100.0,23493008.0,7600.0,6200.0,,20741296.0,924000.0,830258.0,6150.0,1959000.0,1500000.0,304000.0,88645.0,1200000.0,2052711.0,4380.0,1944500.0,60366.0,192453008.0,6594000.0,1675000.0,5763200.0,298300.0,8796900.0,300000.0,4485000.0,27500.0,,11000000.0,25000.0,,54000.0,562372.0,41000.0,130000.0,,,10281000.0,887032.0,566422.0,6663000.0,12087.0,1500000.0,27000.0,29645008.0,,2376300.0,,2536530.0,1350000.0,9148000.0,1917671.0,6950000.0,5240687.0,100000.0,7912303.0,2379475.0,4956360.0,12386000.0,,1009000.0,125886.0,15964000.0,1456600.0,123000.0,6551693.0,4263900.0,1941650.0,11911693.0,1369000.0,535840.0,4270.0,6302900.0,,626615.0,22957.0,3000.0,300000.0,2329000.0,,2300.0,375000.0,1000.0,,23671.0,4574000.0,12900000.0,,5075000.0,1698600.0,,20662000.0,53362.0,1937551.0,1944500.0,791000.0,78426.0,,13177292.0,4578699.0,35000.0,244005.0,9987.0,72000.0,569400.0,15981000.0,,4821100.0,,28400.0,13244000.0,115444000.0,11236590.0,,96000.0,2456102.0,5662000.0
22,1983,3500000.0,620000.0,1649000.0,3250000.0,16000.0,53790000.0,,22478336.0,2546280.0,,6000.0,22490000.0,18000.0,,,3115000.0,50000.0,906300.0,339438.0,5616600.0,,2818000.0,124186000.0,2000.0,1782649.0,2928000.0,408800.0,9000.0,1271000.0,3430900.0,11861000.0,2137362.0,4672000.0,3780000.0,56968764.0,24000000.0,60000.0,2364800.0,,5112300.0,31039.0,2852000.0,75000.0,8000.0,2154138.0,3270300.0,936800.0,4300.0,,,642447.0,27000000.0,2255.0,233000.0,1662100.0,23656000.0,6300.0,5683.0,,20788576.0,1000000.0,791995.0,6000.0,2184900.0,1500000.0,311000.0,87350.0,1250000.0,2496798.0,3200.0,1921800.0,68540.0,193797008.0,8894000.0,1685000.0,5795200.0,305900.0,7550000.0,340000.0,4590000.0,30000.0,,12500000.0,24000.0,,50000.0,537517.0,42000.0,170000.0,,,10322000.0,907959.0,585575.0,5676000.0,12794.0,1200000.0,25485.0,30077008.0,,2395500.0,,2430900.0,1280000.0,9339000.0,1863480.0,6750000.0,5410889.0,120898.0,7630482.0,2116000.0,5267870.0,12584000.0,,989000.0,120000.0,16157000.0,1459000.0,122000.0,6650689.0,4030000.0,1937520.0,11269395.0,1302000.0,576312.0,5011.0,6246100.0,,647090.0,21456.0,3100.0,278827.0,2200000.0,,2000.0,350880.0,1000.0,,22906.0,4201000.0,13100000.0,,5017000.0,1699800.0,,20500000.0,55701.0,1901916.0,1932897.0,767000.0,82328.0,,13480367.0,4832570.0,40000.0,224419.0,7762.0,65000.0,599000.0,14484000.0,,4871300.0,,31000.0,13290000.0,115001008.0,9704325.0,,99320.0,2334873.0,5547000.0
23,1984,2700000.0,610000.0,1403900.0,3300000.0,16000.0,54569000.0,,22161312.0,2633326.0,,6000.0,21920176.0,18500.0,,,3184000.0,50000.0,933500.0,358374.0,5214626.0,,2685300.0,127655008.0,1000.0,1777951.0,2986000.0,414800.0,8000.0,1436000.0,3561000.0,11629400.0,2043000.0,3705000.0,3650000.0,58978827.0,23348848.0,57000.0,2429000.0,,5101000.0,34173.0,2750000.0,85000.0,8400.0,2019784.0,3574800.0,928700.0,4400.0,,,613529.0,26000000.0,2184.0,240000.0,1587700.0,23893008.0,7400.0,6218.0,,21319520.0,1078000.0,754751.0,5600.0,2079000.0,1500000.0,318000.0,66750.0,1300000.0,2659000.0,2920.0,1906700.0,72665.0,195154000.0,9236000.0,1698000.0,5830500.0,308500.0,9112700.0,360000.0,4682000.0,34000.0,,13082000.0,19963.0,,45000.0,529125.0,42000.0,190000.0,,,10363000.0,948519.0,618328.0,4899000.0,14000.0,1100000.0,26685.0,30479008.0,,2373900.0,,2362880.0,1320000.0,9503000.0,1882184.0,6550000.0,5516243.0,120824.0,7776600.0,2344043.0,3586950.0,12702000.0,,975600.0,126000.0,16352000.0,1452100.0,120000.0,6794868.0,4090400.0,1848950.0,11196559.0,1283000.0,592890.0,5883.0,6752200.0,,628143.0,20052.0,3200.0,270582.0,2200000.0,,1800.0,333000.0,650.0,,22722.0,4296000.0,12900000.0,,5004000.0,1737900.0,,21033008.0,58092.0,1877832.0,1943000.0,736000.0,84718.0,,12492646.0,4788989.0,45000.0,246873.0,7900.0,60000.0,613000.0,14099000.0,,4993100.0,,32871.0,13213000.0,113360000.0,9061919.0,,100000.0,2215377.0,5465000.0
24,1985,2200000.0,590000.0,1416000.0,3350000.0,18000.0,54000000.0,,22737760.0,2669062.0,,7500.0,22132000.0,18000.0,,,3210000.0,48363.0,961500.0,378650.0,5515100.0,,2459400.0,128422672.0,1000.0,1751305.0,3566000.0,377670.0,10000.0,1559700.0,4151370.0,11329500.0,2128000.0,3794000.0,3191000.0,62668099.5,23271008.0,52000.0,2309000.0,,5115200.0,38141.0,2618000.0,100000.0,9100.0,2018540.0,3730356.0,979990.0,4400.0,,,648332.0,28000000.0,2000.0,247000.0,1591600.0,23480976.0,7300.0,10955.0,,21535968.0,1132000.0,724651.0,5000.0,2084000.0,1300000.0,325000.0,62150.0,1300000.0,2618000.0,2730.0,1901000.0,72889.0,196520000.0,9318000.0,1635000.0,5860900.0,312000.0,9106000.0,330000.0,4698000.0,34500.0,,12500000.0,23085.0,,48000.0,522125.0,42000.0,200000.0,,,10194000.0,1019959.0,619100.0,4344000.0,14000.0,1200000.0,30000.0,31489168.0,,2373900.0,,2501000.0,1330000.0,9720000.0,1874752.0,6356994.0,5247651.0,122000.0,7921150.0,2369205.0,2792960.0,12908000.0,,970200.0,130000.0,16549000.0,1446900.0,117000.0,6956200.0,4110000.0,1786390.0,11055238.0,1297000.0,589809.0,6108.0,7039000.0,,650025.0,20000.0,3300.0,289847.0,2200000.0,,2100.0,333000.0,420.0,,22722.0,4494000.0,12000000.0,,5007058.0,1782800.0,,20942000.0,60430.0,1837201.0,1926200.0,742000.0,89469.0,,12599630.0,4828983.0,49761.0,227685.0,9318.0,55000.0,620000.0,12410000.0,,5000000.0,,35172.0,12911000.0,109582000.0,9371000.0,,104800.0,2469721.0,5499000.0
25,1986,1532000.0,618000.0,1346670.0,3400000.0,18000.0,52537008.0,,23436080.0,2650574.0,,8200.0,22348000.0,20000.0,,,3163000.0,48500.0,895100.0,376000.0,5055183.0,,2332000.0,132221568.0,1117.0,1705685.0,3637000.0,479200.0,11500.0,1705000.0,4255154.0,10955800.0,2216000.0,3885500.0,3220000.0,66939643.0,23593280.0,49000.0,2306000.0,,5019500.0,42118.0,2495000.0,120000.0,10000.0,2055277.0,3764800.0,1050400.0,4450.0,,,653222.0,30000000.0,2000.0,254000.0,1566500.0,23289888.0,9907.0,18519.0,,21453088.0,1134870.0,721916.0,4500.0,2022000.0,927000.0,333000.0,63250.0,1250000.0,2574000.0,2530.0,1766000.0,71383.0,197895008.0,9432000.0,1578418.0,5813000.0,316000.0,8907800.0,370000.0,4742000.0,31100.0,,12600000.0,23374.0,,55000.0,524675.0,42000.0,210000.0,,,10207000.0,1010659.0,607200.0,4475000.0,16000.0,1200000.0,32000.0,32300000.0,,2408100.0,,2851339.0,1100000.0,9760000.0,1989664.0,6371743.0,5122950.0,125000.0,8279122.0,2110000.0,2424670.0,13156000.0,,967500.0,130000.0,17541008.0,1430200.0,116000.0,7150815.0,4171700.0,1814460.0,10919043.0,1310000.0,599511.0,7713.0,6692000.0,,614230.0,22000.0,3350.0,303026.0,2300000.0,,2200.0,333000.0,350.0,,19830.0,4571000.0,12000000.0,,4953000.0,1782500.0,,19632000.0,66895.0,1715539.0,1902000.0,706000.0,104756.0,,12687800.0,4878741.0,51947.0,232000.0,9000.0,57000.0,624000.0,12466000.0,,5200000.0,,41433.0,12533000.0,105378000.0,9300479.0,,107000.0,2520061.0,5783000.0
26,1987,1580000.0,671000.0,1416000.0,3300000.0,18000.0,50994000.0,,21914672.0,2637224.0,,9000.0,22567008.0,22000.0,,,3190000.0,49000.0,896403.0,387100.0,5238591.0,,2263400.0,135720288.0,1083.0,1678364.0,3711000.0,421857.0,13000.0,1852000.0,4361540.0,10666600.0,2224604.0,4002065.0,3371000.0,70906178.0,23971200.0,44030.0,2294000.0,,5007100.0,43832.0,2351000.0,140000.0,12600.0,2091539.0,3884100.0,1088300.0,4500.0,,,640901.0,27000000.0,2000.0,261000.0,1484700.0,21967008.0,8200.0,20916.0,,21108928.0,1169777.0,724651.0,4200.0,2004000.0,1130029.0,350000.0,68250.0,1200000.0,2532000.0,1760.0,1724700.0,69029.0,199695008.0,9510000.0,1580000.0,5670300.0,325000.0,8819000.0,370000.0,4694000.0,29032.0,,12645000.0,27834.0,,61320.0,625270.0,42000.0,220000.0,,,10220000.0,1055185.0,663300.0,4598000.0,18000.0,1220000.0,32000.0,31156496.0,,2479600.0,,3177540.0,1000000.0,9922000.0,1835378.0,6362930.0,4894841.0,130000.0,7998958.0,1885000.0,2570150.0,13415000.0,,945000.0,135000.0,17575008.0,1409500.0,105000.0,7374269.0,4161100.0,1746850.0,10522676.0,1332000.0,520000.0,9422.0,6703000.0,,582700.0,24096.0,3400.0,195379.0,2500000.0,,2200.0,333000.0,400.0,,13927.0,4770000.0,12200000.0,,4795000.0,1807900.0,,19737872.0,76367.0,1655944.0,1857600.0,710000.0,116580.0,,12776642.0,4968845.0,53593.0,235297.0,10000.0,60000.0,666000.0,12713000.0,,3905200.0,,44109.0,12170000.0,102118000.0,9945313.0,,110000.0,2600810.0,5918000.0
27,1988,1600000.0,695000.0,1434670.0,3200000.0,18000.0,52257000.0,,21850816.0,2589509.0,,11500.0,22789008.0,24000.0,,,3159000.0,50000.0,925200.0,393000.0,5401561.0,,2408400.0,139599104.0,1542.0,1648605.0,3785000.0,429243.0,17996.0,1891000.0,4470575.0,10756200.0,2301470.0,4098400.0,3466000.0,73157538.0,24245200.0,45350.0,2190189.0,,4984000.0,44522.0,2262000.0,160000.0,12900.0,2128593.0,3997400.0,1144100.0,4550.0,,,639943.0,27000000.0,2000.0,265000.0,1434200.0,21340000.0,8200.0,23614.0,,20607440.0,1144978.0,683066.0,4000.0,2071000.0,1310779.0,370000.0,74775.0,1150000.0,2489000.0,1210.0,1664000.0,70824.0,200650000.0,9776000.0,1600000.0,5632700.0,345000.0,8793500.0,350000.0,4667000.0,29542.0,,13050000.0,24389.0,,58785.0,627195.0,42000.0,230000.0,,,10232000.0,859505.0,637000.0,4703000.0,19000.0,1260000.0,33000.0,31240000.0,,2525900.0,,3136926.0,1000000.0,10093000.0,1969955.0,6343108.0,4546000.0,136000.0,8057898.0,2150000.0,2724360.0,13759000.0,,931900.0,135500.0,17609008.0,1422500.0,100600.0,7779558.0,4174300.0,1700010.0,10322063.0,1371000.0,559187.0,9516.0,6559000.0,,579230.0,24096.0,3450.0,195441.0,2465000.0,,2300.0,333000.0,400.0,,13000.0,4983000.0,12400000.0,,5094000.0,1788000.0,,19858288.0,83732.0,1661528.0,1836973.0,763000.0,136266.0,,12866079.0,5072024.0,57139.0,255000.0,10000.0,54000.0,634300.0,12713000.0,,4259800.0,,46118.0,11884000.0,99622000.0,10330911.0,,113000.0,2637649.0,5820000.0
28,1989,1600000.0,699000.0,1405330.0,3100000.0,16000.0,52602000.0,,22434288.0,2541405.0,,13230.0,23015008.0,31000.0,,,3174000.0,54025.0,918130.0,387000.0,5475891.0,,2528000.0,144154096.0,1607.0,1613116.0,3860000.0,423064.0,18700.0,2095000.0,4582000.0,10984400.0,2410319.0,4196500.0,3465830.0,76186000.0,24414896.0,46710.0,2168000.0,,4926800.0,45966.0,2221000.0,180000.0,14200.0,2245000.0,4176600.0,1176200.0,4600.0,,,679188.0,28900000.0,2000.0,268000.0,1379000.0,21377008.0,8500.0,26684.0,,20369056.0,1136421.0,677066.0,4050.0,2046900.0,1436075.0,400000.0,80300.0,1100000.0,2423520.0,1490.0,1689700.0,72789.0,201600000.0,10094800.0,1578000.0,5698700.0,348100.0,8736800.0,345000.0,4682000.0,28953.0,,13457000.0,20419.0,,59235.0,583260.0,40000.0,240000.0,,,10243000.0,850000.0,661000.0,4826000.0,20540.0,1300000.0,34000.0,33068288.0,,2541300.0,,3324240.0,950000.0,9145000.0,2014075.0,6284918.0,4772000.0,120800.0,7828433.0,2800000.0,2887820.0,13957940.0,,949400.0,136000.0,17643008.0,1416600.0,100000.0,8073625.0,4233800.0,1681650.0,10732577.0,1359000.0,585581.0,9821.0,6416000.0,,594059.0,24096.0,3500.0,193634.0,2548000.0,,2300.0,333000.0,400.0,,13000.0,4800000.0,12800000.0,,5061000.0,1819900.0,,20583000.0,89335.0,1687650.0,1850300.0,800000.0,142110.0,,12956142.0,5284960.0,63300.0,250000.0,11651.0,45000.0,625700.0,12562000.0,,4416500.0,,46102.0,11975000.0,96740000.0,9446155.0,,116235.0,2672413.0,5846000.0
29,1990,1600000.0,632600.0,1392700.0,3100000.0,16000.0,52845000.0,,23162208.0,2562393.0,,13500.0,23244000.0,32300.0,,,3257000.0,61500.0,1080000.0,392952.0,5131659.0,,2696000.0,147102320.0,1503.0,1575107.0,3860000.0,431839.0,19191.0,2181000.0,4697000.0,11220400.0,2500270.0,4297300.0,3403850.0,77839765.5,24383504.0,45000.0,2201000.0,,4802600.0,49296.0,2239000.0,195000.0,13750.0,2240000.0,4359393.0,1219700.0,4650.0,,,715941.0,30000000.0,2000.0,273000.0,1363000.0,21394000.0,7000.0,30877.0,,20287824.0,1144787.0,653860.0,4100.0,2032400.0,1471946.0,410044.0,87300.0,1000000.0,2424000.0,1510.0,1597600.0,74889.0,202500000.0,10410207.0,1520000.0,5969100.0,342100.0,8745900.0,380000.0,4760000.0,35000.0,,13793000.0,21280.0,,65000.0,523244.0,38000.0,250000.0,,,10254000.0,838552.0,667720.0,4996000.0,21000.0,1350000.0,30000.0,32054304.0,,2692700.0,,3346258.0,920000.0,9310000.0,2086551.0,6280852.0,4926000.0,120000.0,8033976.0,3200000.0,3061090.0,13947000.0,,953100.0,137000.0,17677008.0,1388000.0,99000.0,8253900.0,4102300.0,1629230.0,10048929.0,1392000.0,601280.0,10095.0,6290700.0,,581812.0,24000.0,3550.0,192764.0,2465000.0,,3000.0,333000.0,400.0,,13000.0,4000000.0,13300000.0,,5187000.0,1772700.0,,21027800.0,91975.0,1718443.0,1855200.0,787000.0,138309.0,,13046835.0,5668530.0,68028.0,243000.0,10000.0,41000.0,622000.0,12173000.0,,4913200.0,,49328.0,12079000.0,95816000.0,8692000.0,,125000.0,2878000.0,6407000.0
30,1991,1600000.0,640000.0,1300180.0,3150000.0,16000.0,52452000.0,,23662256.0,2583914.0,,12500.0,23259008.0,32300.0,,,,55374.0,1088000.0,366000.0,5228026.0,,2200000.0,152135505.0,1613.0,1456900.0,4015000.0,436761.0,16262.0,2257000.0,4700000.0,11288800.0,2677000.0,7195000.0,3460530.0,81260941.0,24350208.0,43200.0,2175000.0,,4735500.0,54682.0,2222000.0,190000.0,13500.0,2365000.0,4516000.0,1242900.0,4700.0,,,740170.0,,2000.0,280221.0,1309900.0,21097138.0,7000.0,34296.0,,19488000.0,1194633.0,623514.0,4150.0,2086400.0,1595460.0,410000.0,190000.0,1100000.0,2388000.0,1520.0,1571000.0,77681.0,203500000.0,10667000.0,1000000.0,6100500.0,331000.0,8140000.0,420000.0,4873000.0,50000.0,,13074800.0,4000.0,,70260.0,542399.0,37000.0,225000.0,,,10265300.0,807613.0,653321.0,5092130.0,22000.0,1400000.0,23000.0,31822776.0,,2848700.0,,3182920.0,900000.0,9384000.0,2211624.0,6254819.0,5062000.0,125397.0,8099996.0,2500000.0,3244760.0,14016740.0,,974185.0,158000.0,17711008.0,1399487.0,98000.0,7626617.0,4041500.0,1679866.0,8844000.0,1367000.0,598575.0,9247.0,5380700.0,,600000.0,25000.0,3600.0,197893.0,2539000.0,,3100.0,333000.0,400.0,,13000.0,3500000.0,13500000.0,,5126000.0,1476800.0,,,92485.0,1706778.0,1828900.0,771118.0,132362.0,,13138162.0,6626971.0,76907.0,238000.0,10000.0,40000.0,631000.0,11377000.0,,5121000.0,,52781.0,11885000.0,96393000.0,9001000.0,,130000.0,2984000.0,5349000.0
31,1992,1700000.0,616000.0,1333730.0,3200000.0,16000.0,53011000.0,566452.0,23879984.0,2534008.0,1533300.0,13000.0,23480000.0,33600.0,6577000.0,,,68210.0,1140990.0,339749.0,5349406.0,550000.0,2000000.0,154229303.0,1600.0,1310454.0,4095900.0,439922.0,17545.0,2468000.0,4700000.0,11869000.0,2680491.0,7577000.0,3557480.0,82654974.0,24772496.0,43200.0,2132000.0,590000.0,4609300.0,55513.0,2190000.0,190000.0,13500.0,2356000.0,4682000.0,1256500.0,4750.0,,708273.0,752775.0,,2000.0,288000.0,1273200.0,20654916.0,7000.0,36824.0,978100.0,17133800.0,1159431.0,601831.0,4200.0,2250000.0,1729350.0,420250.0,200000.0,1339000.0,2351000.0,1710.0,1420046.0,76034.0,204584000.0,11211000.0,1260000.0,6147400.0,349100.0,8004000.0,460000.0,4980000.0,64150.0,9592400.0,13000000.0,6256.0,1382900.0,73000.0,699000.0,36000.0,180000.0,2196600.0,,10276000.0,813576.0,668793.0,5129394.0,22000.0,1200000.0,24000.0,31158115.0,771891.0,2822000.0,,3004830.0,950000.0,9508000.0,2206373.0,6245682.0,4920000.0,125000.0,8144321.0,2800000.0,3439440.0,14086820.0,282349.0,982507.0,180000.0,17745008.0,1427200.0,96000.0,7886000.0,3972000.0,1729000.0,8221359.0,1398000.0,429000.0,10858.0,4355000.0,54676704.0,550000.0,24000.0,3650.0,224013.0,2602000.0,,3000.0,348600.0,400.0,483865.0,13000.0,3300000.0,13500000.0,,5063000.0,1567562.0,,,96495.0,1775302.0,1782600.0,765000.0,134238.0,1390700.0,13230100.0,7121000.0,84568.0,234100.0,9600.0,32000.0,635900.0,11973000.0,777000.0,5209000.0,23727600.0,56475.0,11924000.0,97556000.0,9670000.0,5112600.0,140000.0,3000000.0,6024000.0
32,1993,1800000.0,654700.0,1313820.0,3100000.0,16000.0,52665200.0,498863.0,24061808.0,2400725.0,1433300.0,12500.0,23569000.0,31000.0,6220600.0,,,58000.0,1140200.0,338000.0,5463082.0,550000.0,1821000.0,155134074.0,1449.0,973727.0,4177500.0,418974.0,17867.0,2542000.0,4700000.0,11860000.0,2674400.0,7979000.0,3691730.0,85711660.0,25324000.0,43800.0,2122000.0,589635.0,4583000.0,60954.0,2195000.0,200000.0,13450.0,2371000.0,4803000.0,1196900.0,4800.0,1268560.0,614600.0,607513.0,29450000.0,2129.0,315000.0,1252300.0,20446184.0,7500.0,37288.0,906400.0,16207340.0,1168640.0,587177.0,4250.0,2400000.0,1874470.0,430760.0,190000.0,1251000.0,2077460.0,2070.0,1159000.0,73912.0,203634000.0,10829200.0,1480000.0,6236400.0,366100.0,7600300.0,460000.0,5024000.0,64100.0,9576300.0,13000000.0,11128.0,1144300.0,75000.0,658305.0,36000.0,155000.0,1701000.0,,10287000.0,796728.0,703116.0,5178741.0,21500.0,1200000.0,24000.0,31974240.0,591473.0,2819000.0,,2348258.0,1000000.0,9611000.0,2073540.0,6237231.0,4797000.0,120000.0,8308000.0,3170000.0,3645810.0,14807320.0,284919.0,974736.0,200000.0,17779008.0,1436600.0,94000.0,8600000.0,3954900.0,1913860.0,7642576.0,1336000.0,428778.0,11651.0,3683100.0,52226000.0,500000.0,25000.0,3700.0,229222.0,2693000.0,,2850.0,360200.0,400.0,503770.0,13000.0,4200000.0,13100000.0,,4976000.0,1704100.0,,,97000.0,1807366.0,1745087.0,707168.0,141250.0,1246100.0,13322700.0,7473000.0,93153.0,230600.0,9500.0,36000.0,659000.0,11951000.0,1004000.0,5370000.0,22456800.0,60428.0,11851000.0,99175900.0,10217000.0,5275000.0,150000.0,2800000.0,4180000.0
33,1994,1900000.0,820000.0,1269130.0,3000000.0,16000.0,53156952.0,501635.0,25757600.0,2333887.0,1330400.0,12000.0,23769000.0,31000.0,5851400.0,,,59474.0,1286850.0,336568.0,5603739.0,500000.0,2100000.0,158243229.0,2092.0,750395.0,4260900.0,374871.0,18195.0,2621424.0,4700000.0,12012000.0,2735100.0,8403000.0,3814242.0,90832656.0,25634000.0,44500.0,1894000.0,518708.0,4617100.0,64214.0,2104904.0,213420.0,13400.0,2366000.0,4937000.0,1261500.0,4800.0,1290120.0,463200.0,626356.0,29450000.0,2304.0,334000.0,1233000.0,20450490.0,7300.0,37500.0,921900.0,15896620.0,1187000.0,579028.0,4300.0,2300000.0,2031760.0,441530.0,180000.0,1234000.0,2286000.0,2200.0,999000.0,71923.0,202684000.0,11367700.0,1354380.0,6263900.0,387250.0,7458900.0,440000.0,4989000.0,61371.0,9346600.0,13000000.0,14820.0,677900.0,77002.0,577975.0,36000.0,140000.0,1384300.0,,10298000.0,748891.0,728753.0,5240860.0,19800.0,1100000.0,24000.0,31769164.0,815060.0,2730500.0,,2343200.0,950000.0,9690810.0,2035790.0,6546177.0,4716000.0,108088.0,8887000.0,3200000.0,3864560.0,14881350.0,280324.0,979456.0,223000.0,17814000.0,1453700.0,93000.0,9100000.0,4061685.0,1936049.0,7695680.0,1348000.0,428604.0,12974.0,3956782.0,48914000.0,453827.0,26000.0,3750.0,242547.0,2760000.0,,2650.0,370000.0,400.0,477548.0,13000.0,5000000.0,12500000.0,,5018000.0,1702500.0,,,99000.0,1826489.0,1755400.0,720646.0,149112.0,1250200.0,13416000.0,7637350.0,122189.0,227100.0,9500.0,36000.0,662000.0,11910000.0,1104000.0,5106000.0,21607300.0,64657.0,11954000.0,100973600.0,10511000.0,5430600.0,151000.0,2600000.0,4300000.0
34,1995,2094560.0,840000.0,1266620.0,3000000.0,15700.0,52648600.0,503693.0,25731220.0,2328518.0,1340900.0,11010.0,23977000.0,31000.0,5403300.0,,,40835.0,1087290.0,372095.0,5737977.0,403000.0,2530000.0,161227938.0,1600.0,638238.0,4345900.0,393615.0,18530.0,2785700.0,4650000.0,12708700.0,2797200.0,8849000.0,3858248.0,100480465.5,25551400.0,45700.0,1645000.0,493418.0,4632000.0,67949.0,2090733.0,246770.0,13400.0,2301866.0,4996000.0,1125000.0,4850.0,1312050.0,419500.0,641979.0,29825030.0,2322.0,354000.0,1147900.0,20540297.0,7000.0,38000.0,951200.0,15962237.0,1216677.0,577808.0,4368.0,2293460.0,2202260.0,452570.0,170000.0,1250000.0,2110500.0,1570.0,910000.0,73199.0,201734000.0,11534000.0,1190000.0,6343900.0,391355.0,7163600.0,450000.0,4916000.0,47356.0,8072900.0,12779000.0,19879.0,550800.0,59790.0,580230.0,36000.0,145000.0,1152400.0,,10309000.0,745830.0,715279.0,5316527.0,18500.0,1111000.0,23000.0,31319928.0,750835.0,3005200.0,,2370800.0,900000.0,9856680.0,2031350.0,6837913.0,4654000.0,110000.0,9272325.0,2700000.0,4096430.0,15000000.0,281336.0,988403.0,235000.0,17848000.0,1455612.0,90000.0,9788400.0,4512832.0,2020651.0,7305594.0,1363000.0,367733.0,13635.0,3480800.0,43296500.0,465173.0,26000.0,3800.0,252760.0,2800000.0,,2400.0,350000.0,200.0,477400.0,13000.0,5200000.0,12600000.0,,5248000.0,1704100.0,,,102000.0,1777000.0,1748274.0,775000.0,149361.0,1198900.0,15644800.0,6667631.0,124408.0,202340.0,9318.0,36000.0,654300.0,11901000.0,1181000.0,5233000.0,19624300.0,69183.0,11857000.0,102785200.0,10450000.0,5483300.0,151000.0,2400000.0,4500000.0
35,1996,2641400.0,806000.0,1227940.0,3309000.0,15000.0,50829700.0,507512.0,26377400.0,2325825.0,1383700.0,12000.0,22020000.0,31000.0,5053900.0,,,42544.0,1300000.0,353755.0,5886283.0,330000.0,2249000.0,158288540.0,2017.0,631739.0,4432900.0,383522.0,21224.0,2761800.0,4623000.0,13401700.0,2860726.0,9318000.0,3913593.0,108836616.0,26088000.0,47000.0,1585000.0,461645.0,4601100.0,69918.0,2093256.0,266450.0,13400.0,2435370.0,5189000.0,1286600.0,4850.0,1600000.0,370400.0,656484.0,31207040.0,2249.0,350000.0,1145600.0,20507820.0,7200.0,36000.0,985200.0,15889915.0,1247861.0,581081.0,4370.0,2291440.0,2316620.0,463880.0,160000.0,1246000.0,2127300.0,1740.0,928000.0,74816.0,200784000.0,11815606.0,1050000.0,6450600.0,391000.0,7265100.0,420000.0,4828000.0,51568.0,6859900.0,11511700.0,19476.0,537060.0,69875.0,539000.0,36000.0,145000.0,1065100.0,,10320340.0,700096.0,693542.0,5406641.0,21000.0,1122000.0,22900.0,30294900.0,726497.0,3317000.0,,2408400.0,920000.0,10120700.0,1989947.0,7008420.0,4557000.0,110000.0,9017277.0,2600000.0,4342220.0,15050000.0,283237.0,1005766.0,246000.0,20424000.0,1442100.0,88000.0,9764524.0,4645660.0,2128455.0,7136466.0,1386000.0,370546.0,13651.0,3496300.0,39696000.0,500000.0,26000.0,3850.0,259081.0,2870000.0,,2200.0,300000.0,400.0,495535.0,13000.0,5400000.0,13000000.0,,5512000.0,1644000.0,,,98000.0,1790200.0,1747071.0,810150.0,151492.0,1147400.0,13604500.0,6386926.0,136849.0,217221.0,9500.0,38000.0,696000.0,11789000.0,1199000.0,5301000.0,17557300.0,74026.0,12040000.0,103548200.0,10651000.0,5203500.0,151000.0,2200000.0,5436214.0
36,1997,2895000.0,771000.0,1255410.0,3556000.0,14500.0,50058900.0,509559.0,26780000.0,2271949.0,1477900.0,12030.0,22090000.0,28000.0,4854600.0,,,47000.0,1345000.0,353517.0,6061216.0,411800.0,2212000.0,161416157.0,1924.0,582055.0,4521500.0,393110.0,21250.0,2820783.0,4737000.0,13411600.0,2926000.0,9813000.0,4097244.0,90758700.5,25672700.0,48200.0,1529000.0,451266.0,4606000.0,62276.0,2004212.0,270000.0,13400.0,2481384.0,5437000.0,1162100.0,4900.0,1927800.0,343000.0,658453.0,32612350.0,2271.0,350000.0,1142400.0,20205040.0,7600.0,33000.0,1004500.0,15759573.0,1260300.0,580408.0,4370.0,2337000.0,2436910.0,475480.0,150000.0,1270000.0,2061000.0,1500.0,909000.0,74791.0,198882000.0,11938856.0,1300375.0,6660900.0,380000.0,7162500.0,400000.0,4750000.0,56065.0,5424600.0,11408500.0,21023.0,509400.0,68502.0,601410.0,36000.0,142000.0,1054100.0,,10331000.0,598175.0,690756.0,5512240.0,21000.0,1353000.0,20500.0,30771666.0,570044.0,3476300.0,,2547200.0,880000.0,10303200.0,2055416.0,7024780.0,4411000.0,110000.0,9145000.0,2850000.0,4602750.0,15073000.0,294613.0,1017775.0,258000.0,20802000.0,1362200.0,87000.0,9793683.0,4560156.0,2266280.0,7307382.0,1389000.0,388307.0,13849.0,3434900.0,35102800.0,570000.0,26000.0,3900.0,277261.0,2898000.0,,2050.0,250000.0,200.0,486198.0,13000.0,5600000.0,13400000.0,,5925000.0,1578800.0,,,97000.0,1781000.0,1672900.0,856747.0,151901.0,1103500.0,13699700.0,5789747.0,146485.0,271289.0,9500.0,37500.0,701390.0,11886000.0,959000.0,5460000.0,15313200.0,79208.0,11633000.0,101655700.0,10553000.0,5102500.0,151000.0,2700516.0,5400000.0
37,1998,3008330.0,705000.0,1317240.0,3898000.0,14000.0,48048900.0,465751.0,26852000.0,2197940.0,1550200.0,13013.0,22160000.0,27000.0,4801100.0,,,52000.0,1370780.0,354000.0,6225688.0,425743.0,2345000.0,163154357.0,1854.0,611720.0,4611871.0,386108.0,22400.0,2679940.0,4846000.0,13359900.0,2992000.0,10334000.0,4160000.0,99356146.0,25763700.0,49500.0,1527000.0,443000.0,4643700.0,55741.0,1977367.0,280000.0,13400.0,2528300.0,5076400.0,1037718.0,4900.0,2026200.0,325600.0,623446.0,35371768.0,2149.0,344636.0,1117100.0,20051494.0,9200.0,34000.0,1028100.0,15227152.0,1272900.0,580317.0,4370.0,2330000.0,2563460.0,487360.0,145000.0,1300000.0,1945000.0,1500.0,871000.0,75500.0,196535008.0,11633876.0,1320000.0,6881600.0,388000.0,7166000.0,400000.0,4708000.0,56820.0,4307100.0,11687000.0,18481.0,476900.0,72183.0,495614.0,36000.0,140000.0,1016300.0,,10342000.0,715391.0,714337.0,5634512.0,19000.0,1394000.0,22000.0,31059500.0,485442.0,3612800.0,,2568600.0,850000.0,10492700.0,2192359.0,7048660.0,4283000.0,94387.0,8873000.0,2735000.0,4878920.0,15088100.0,289000.0,1036416.0,271000.0,21192000.0,1382200.0,86000.0,9832800.0,4656827.0,2395020.0,6955251.0,1386000.0,386980.0,13989.0,3235400.0,31519900.0,657137.0,27000.0,3950.0,294000.0,2912000.0,,1850.0,250000.0,100.0,445724.0,13000.0,5300000.0,13700000.0,,5884000.0,1178400.0,,,111000.0,1738500.0,1640871.0,931982.0,156792.0,1050200.0,13795600.0,5159237.0,161104.0,273230.0,9500.0,34000.0,723000.0,11185000.0,1100000.0,5651000.0,12758500.0,84753.0,11519000.0,99744000.0,10297000.0,5196400.0,151000.0,2747176.0,5668000.0
38,1999,3477549.0,720000.0,1579653.0,3900000.0,13500.0,49056700.0,469077.0,26578000.0,2171681.0,1621100.0,13000.0,22230000.0,25000.0,4685500.0,,,58000.0,1438140.0,384199.0,6392425.0,442537.0,2581000.0,164621038.0,1836.0,671376.0,4704138.0,355416.0,22000.0,2826378.0,5500000.0,13211300.0,3060000.0,10882000.0,4134000.0,101833171.5,24363000.0,50000.0,1427500.0,438543.0,4405800.0,54023.0,1887057.0,297000.0,13400.0,2150000.0,5105690.0,1141489.0,4950.0,2100000.0,307500.0,613932.0,35095232.0,2192.0,330000.0,1086800.0,20066844.0,9000.0,35000.0,1098300.0,14942024.0,1288000.0,583367.0,4380.0,2500000.0,2696570.0,499550.0,135000.0,1300000.0,1715386.0,1500.0,873000.0,74534.0,194216000.0,11275703.0,1325000.0,6951700.0,395000.0,7129000.0,400000.0,4658000.0,59753.0,3957900.0,12787700.0,19980.0,434400.0,75874.0,755134.0,36000.0,138000.0,922800.0,,10353000.0,711675.0,714916.0,5774818.0,20000.0,1475330.0,25000.0,30177135.0,452000.0,3725800.0,,2565500.0,800000.0,10739513.0,2294040.0,7030698.0,4206000.0,110000.0,8960114.0,3186400.0,5171650.0,15103200.0,267000.0,1033070.0,285000.0,21592000.0,1359800.0,87000.0,9647220.0,4903363.0,2425929.0,6555033.0,1409000.0,383498.0,14726.0,3143000.0,28480800.0,748976.0,27883.0,4000.0,280513.0,2927000.0,,1660.0,200000.0,200.0,453097.0,13000.0,5132000.0,13800000.0,,5965000.0,1191500.0,,,120000.0,1713000.0,1608735.0,977944.0,156843.0,1036900.0,17250762.0,4755792.0,96692.0,280000.0,10328.0,35000.0,749000.0,11031000.0,1250000.0,5820000.0,11721600.0,90686.0,11423000.0,99115000.0,10389000.0,5225200.0,151000.0,2904880.0,6068760.0
39,2000,2900000.0,728000.0,1595259.0,4042000.0,13154.0,48674400.0,478730.0,27588000.0,2152811.0,1664400.0,11000.0,22310000.0,23000.0,4326200.0,3041560.0,,52500.0,1540647.0,355437.0,6911930.0,461928.0,2600000.0,169875524.0,1726.0,681661.0,4798223.0,358492.0,21500.0,2992640.0,5882000.0,13201300.0,3128000.0,11460000.0,4068000.0,104474779.5,24363700.0,51000.0,1358200.0,426570.0,4110200.0,53979.0,1867937.0,297000.0,13400.0,2018340.0,4486020.0,1050000.0,4950.0,2150000.0,267300.0,588288.0,33075330.0,2306.0,335000.0,1056700.0,21256247.0,11000.0,36000.0,1153000.0,14657901.0,1302000.0,601933.0,4380.0,2500000.0,2876189.0,512040.0,125000.0,1430000.0,1780000.0,1500.0,857000.0,72135.0,191924000.0,11008000.0,1350000.0,7037400.0,395000.0,7162000.0,400000.0,4588000.0,60421.0,3998200.0,11444800.0,20555.0,378400.0,77000.0,709884.0,36000.0,130210.0,897800.0,205072.0,10364000.0,763724.0,738783.0,5934736.0,19200.0,1519590.0,27000.0,30523735.0,422969.0,3824700.0,,2674600.0,780000.0,10982000.0,2504930.0,7023166.0,4070000.0,110000.0,9015000.0,3275000.0,5481952.0,15118300.0,270000.0,987915.0,299000.0,22004000.0,1342400.0,87000.0,9736860.0,4980291.0,2478850.0,6082549.0,1421000.0,392309.0,14831.0,3051000.0,28060323.0,732123.0,28000.0,4100.0,290506.0,2986000.0,,1500.0,200000.0,200.0,471425.0,13000.0,5139000.0,13600000.0,,6216883.0,1147600.0,,,110000.0,1683700.0,1588005.0,984393.0,156059.0,1036700.0,16713000.0,4601697.0,120000.0,275800.0,11250.0,30000.0,767000.0,11054000.0,1400000.0,5965500.0,10626500.0,96050.0,11133000.0,98199000.0,10353000.0,5281800.0,140000.0,2620987.0,6186000.0
40,2001,2249000.0,708400.0,1613040.0,4000000.0,13600.0,48851400.0,497306.0,27721000.0,2155447.0,1722900.0,10000.0,22380000.0,21000.0,4220500.0,3037760.0,,58037.0,1598592.0,325944.0,6500096.0,440000.0,2468000.0,176388726.0,1617.0,639778.0,4894190.0,360440.0,21500.0,2868727.0,5800000.0,13608200.0,3200000.0,12068000.0,3980000.0,100851716.5,24510400.0,53000.0,1288900.0,438423.0,4038400.0,53434.0,1906911.0,297000.0,13400.0,2106800.0,4657016.0,1216300.0,5000.0,1950000.0,252800.0,505966.0,35383312.0,2371.0,340000.0,1037400.0,21137970.0,8500.0,36000.0,1156300.0,14567737.0,1315000.0,613060.0,4400.0,2568200.0,3033942.0,515000.0,120000.0,1440000.0,1859737.0,1500.0,805000.0,70168.0,189660000.0,11137700.0,1458000.0,7049700.0,390000.0,6050000.0,400000.0,4531000.0,65370.0,4106600.0,11475861.0,20331.0,366700.0,78124.0,732191.0,36000.0,130210.0,748300.0,205193.0,8800000.0,749029.0,748183.0,6116077.0,19200.0,1565178.0,11000.0,30620933.0,394006.0,3097600.0,,2647100.0,722199.0,11243000.0,2508570.0,6982664.0,4047000.0,110000.0,9281000.0,3300000.0,5810869.0,15133400.0,265000.0,978854.0,313500.0,22424000.0,1533461.0,88000.0,9889260.0,5035612.0,2495600.0,5734339.0,1414000.0,396350.0,9671.0,2870000.0,27519840.0,815898.0,28000.0,4100.0,306202.0,3061000.0,,1250.0,150000.0,200.0,493670.0,13000.0,5256000.0,13500000.0,,6410780.0,1153200.0,,,90000.0,1651500.0,1611351.0,836868.0,153933.0,1061700.0,17037000.0,4640355.0,166195.0,278500.0,11250.0,30300.0,763000.0,10761000.0,1600000.0,6144000.0,9423700.0,101795.0,10600000.0,97297500.0,10595000.0,5353400.0,130000.0,2700000.0,6270000.0
41,2002,3715000.0,690000.0,1510770.0,3900000.0,13800.0,52000000.0,514244.0,27870000.0,2118454.0,1794300.0,15000.0,22460000.0,19000.0,4084500.0,2891260.0,,56949.0,1639183.0,326010.0,6673475.0,410000.0,2000000.0,185348838.0,1412.0,634466.0,4992076.0,324000.0,22000.0,2924457.0,5600000.0,13751500.0,3273000.0,12708000.0,3927000.0,95481738.0,24765300.0,55000.0,1219500.0,417113.0,3972300.0,58156.0,1796118.0,297000.0,13400.0,2159623.0,5015770.0,1300891.0,5000.0,1900000.0,260500.0,522260.0,40638800.0,2398.0,320000.0,1025400.0,20461291.0,6300.0,36000.0,1191900.0,14226600.0,1330000.0,621358.0,4400.0,2606400.0,3200347.0,515000.0,110000.0,1450000.0,2050360.0,1500.0,783000.0,67225.0,187422000.0,11297600.0,1500000.0,6992200.0,355000.0,6739000.0,400000.0,4564000.0,68070.0,4293500.0,11939977.0,24969.0,384700.0,88216.0,644550.0,36000.0,135000.0,751700.0,197257.0,7877075.0,753075.0,720246.0,6818343.0,19003.0,1563665.0,8800.0,31406955.0,404845.0,2069600.0,,2669600.0,872000.0,11551000.0,2329553.0,6978690.0,3858000.0,111308.0,9652870.0,3350000.0,6159521.0,15148600.0,259000.0,958661.0,319800.0,22858000.0,1532500.0,89000.0,9260000.0,5163700.0,2547820.0,5532728.0,1404000.0,400313.0,9875.0,2800000.0,27390195.0,815450.0,28000.0,4300.0,322202.0,2996937.0,,1467.0,150000.0,200.0,477075.0,13000.0,5319000.0,13635000.0,,6477895.0,1112950.0,,,41180.0,1637465.0,1593697.0,866675.0,145976.0,1090700.0,17367000.0,4819713.0,162000.0,284300.0,11250.0,31600.0,753000.0,10548000.0,1750000.0,6328000.0,9421100.0,107444.0,10343000.0,96723000.0,11268000.0,5416100.0,130000.0,2517550.0,5673000.0
42,2003,3829000.0,684000.0,1560545.0,3800000.0,14000.0,55875764.0,535784.0,26664000.0,2066942.0,1872200.0,11000.0,22580000.0,17000.0,4005100.0,2778077.0,,57800.0,1676000.0,332714.0,6851256.0,440000.0,2028000.0,195551576.0,1443.0,691230.0,7311544.0,355222.0,21823.0,2985416.0,5800000.0,13466000.0,3347000.0,13383000.0,3932000.0,93026794.5,24799260.0,45000.0,1150200.0,444320.0,4025400.0,58335.0,1724409.0,297000.0,13400.0,2206780.0,4985378.0,1248710.0,5050.0,1927457.0,253900.0,600252.0,39000000.0,2397.0,310000.0,1000200.0,19772441.0,8300.0,35000.0,1218400.0,13643703.0,1344000.0,625854.0,4450.0,2383300.0,3375879.0,520000.0,110000.0,1455000.0,2403240.0,1500.0,770000.0,66035.0,185180992.0,10504100.0,1425000.0,6999500.0,360000.0,6504703.0,430000.0,4524000.0,66260.0,4559500.0,12531324.0,27444.0,388100.0,86182.0,682488.0,36000.0,137000.0,779100.0,189674.0,8020450.0,781747.0,759152.0,7022894.0,18770.0,1600000.0,8100.0,31476600.0,409639.0,2053700.0,,2688600.0,961000.0,11728000.0,2336094.0,6953584.0,3759000.0,111000.0,9728220.0,3500000.0,6529092.0,15163700.0,260000.0,956916.0,326200.0,23303000.0,1498400.0,90000.0,10128377.0,5193414.0,2584500.0,5488943.0,1395000.0,420856.0,10073.0,2878000.0,26846084.0,991697.0,29000.0,4500.0,331933.0,3017513.0,,1250.0,170000.0,200.0,473242.0,13000.0,5350000.0,13538000.0,,6548379.0,1138700.0,,,39480.0,1606674.0,1570178.0,937000.0,144089.0,1135784.0,17704000.0,5048170.0,146000.0,285000.0,11250.0,28980.0,679440.0,9804000.0,1900000.0,6519000.0,9108400.0,113082.0,10517000.0,96100000.0,11708000.0,5477600.0,135000.0,2375473.0,5405000.0
43,2004,3494000.0,654000.0,1613700.0,3680500.0,14300.0,56844020.0,565844.0,27465000.0,2052033.0,1934420.0,9010.0,22600000.0,15000.0,3924100.0,2738648.0,,57800.0,1717900.0,337550.0,7033582.0,452895.0,2050000.0,204512737.0,1211.0,728336.0,7457754.0,374475.0,22306.0,3039945.0,5900000.0,14555000.0,3423000.0,14093000.0,3989000.0,92134729.0,24921742.0,46000.0,1080900.0,465935.0,3942600.0,60311.0,1645764.0,300000.0,13400.0,2508756.0,5082094.0,1259209.0,5050.0,1930000.0,257200.0,610000.0,38749312.0,2342.0,310000.0,969000.0,19516224.0,9300.0,35000.0,1155600.0,13195800.0,1359000.0,620686.0,4450.0,2523500.0,3561038.0,520000.0,110000.0,1456000.0,2451310.0,1500.0,739000.0,64639.0,188570000.0,10532889.0,1516000.0,7015600.0,350000.0,6504000.0,385000.0,4478000.0,69280.0,4871000.0,13022412.0,28220.0,378600.0,80343.0,677215.0,36000.0,145000.0,812100.0,186725.0,8105000.0,765000.0,793005.0,7233580.0,17940.0,1369000.0,8180.0,31247734.0,372838.0,1792800.0,,2728800.0,1106159.0,11939000.0,2309390.0,6966436.0,3767000.0,111000.0,9599892.0,3400000.0,6920838.0,15700000.0,255000.0,943208.0,333000.0,23757000.0,1480400.0,91000.0,9622340.0,5184822.0,2593286.0,5353421.0,1389000.0,388233.0,10274.0,2897000.0,25091098.0,1003720.0,30000.0,3600.0,341958.0,3039472.0,,1050.0,200000.0,200.0,450226.0,13500.0,5400000.0,13512000.0,,6653087.0,1160900.0,,,43240.0,1628464.0,1544547.0,1024000.0,143958.0,1218979.0,17472118.0,5296839.0,133641.0,290000.0,11250.0,28980.0,656820.0,9788102.0,2000000.0,6567000.0,7712100.0,100000.0,10551000.0,94888000.0,11958000.0,5878800.0,138000.0,2341970.0,5227000.0
44,2005,3723000.0,655000.0,1586070.0,4015424.0,14300.0,57033528.0,573260.0,27782000.0,2050991.0,2007210.0,9000.0,22670000.0,13000.0,3962600.0,2698649.0,,57800.0,1717900.0,384385.0,7217507.0,459790.0,2125000.0,207156696.0,1079.0,671579.0,7606887.0,395741.0,25000.0,3184146.0,6000000.0,14925000.0,3500000.0,14841000.0,3985000.0,90063665.5,25699400.0,47000.0,1150000.0,471025.0,3703700.0,57579.0,1570085.0,300000.0,13400.0,2200000.0,4970836.0,1256517.0,5050.0,1950000.0,249800.0,615000.0,40390096.0,2135.0,310000.0,958925.0,19421068.0,7000.0,35000.0,1168600.0,13034500.0,1373000.0,603993.0,4450.0,2601300.0,3756353.0,530000.0,110000.0,1460000.0,2500020.0,1500.0,723000.0,65979.0,192020992.0,10569000.0,1648000.0,6991800.0,357000.0,6304000.0,360000.0,4402000.0,67520.0,5203900.0,13019049.0,27359.0,371100.0,76900.0,729327.0,36000.0,150000.0,792000.0,185235.0,9500139.0,777846.0,790065.0,7450588.0,19408.0,1382000.0,6700.0,30989968.0,330593.0,1963600.0,,2721700.0,1243000.0,12123060.0,3133887.0,6994463.0,3799000.0,100000.0,9510802.0,3500000.0,7336088.0,15875266.0,248185.0,933698.0,301550.0,24218000.0,1564600.0,92000.0,9837798.0,5249783.0,2489100.0,5483290.0,1443000.0,376925.0,6565.0,2808000.0,23153790.0,1006572.0,30000.0,3000.0,352000.0,3090720.0,,850.0,250000.0,200.0,451136.0,13500.0,5500000.0,13790000.0,,6463430.0,1185020.0,,,38235.0,1604933.0,1554696.0,1082623.0,139831.0,1303346.0,17719092.0,5609790.0,136446.0,300000.0,11250.0,29000.0,686320.0,10069346.0,2024500.0,6770000.0,6902900.0,55903.0,10770200.0,95018000.0,11956000.0,6242700.0,140000.0,2566754.0,5227000.0
45,2006,4110000.0,634000.0,1607890.0,4105750.0,14300.0,58293608.0,592067.0,28393400.0,2010680.0,2067000.0,9000.0,22800000.0,10500.0,3980200.0,2669076.0,,67611.0,1810000.0,364974.0,7409002.0,514869.0,2150000.0,205886244.0,1010.0,621797.0,7759005.0,433800.0,27370.0,3344612.0,6000000.0,14655000.0,3600000.0,15629000.0,3900000.0,87480695.5,26129020.0,49000.0,1100000.0,482905.0,3737200.0,56109.0,1534763.0,297000.0,13500.0,2228149.0,5034652.0,1319419.0,5100.0,1950000.0,249500.0,580000.0,43124584.0,2069.0,310000.0,949291.0,19534688.0,7200.0,35000.0,1060900.0,12747900.0,1359000.0,617695.0,4450.0,2679200.0,3962380.0,550000.0,110000.0,1450000.0,2454096.0,1550.0,708000.0,68670.0,195535008.0,10875125.0,1130000.0,6977800.0,406000.0,6255000.0,210000.0,4391000.0,69100.0,5457400.0,12416271.0,31529.0,385200.0,77000.0,687588.0,37000.0,185000.0,800300.0,183640.0,9573290.0,799017.0,786201.0,7532000.0,19742.0,1700000.0,6934.0,31163124.0,310476.0,2167900.0,117482.0,2755100.0,1053000.0,12364310.0,2383960.0,7002916.0,3749000.0,87000.0,9608693.0,3600000.0,7776953.0,16013382.0,255430.0,922976.0,307580.0,29558812.0,1561600.0,93000.0,9982932.0,5241102.0,2519740.0,5606358.0,1440800.0,378000.0,7411.0,2862000.0,21625028.0,1122179.0,30000.0,2500.0,369000.0,3136959.0,1106000.0,570.0,350000.0,200.0,452517.0,14000.0,5350000.0,13532000.0,,6184092.0,1184710.0,,,43495.0,1590409.0,1566900.0,1121440.0,133841.0,1371882.0,18500000.0,6042039.0,139426.0,302400.0,11250.0,29000.0,703150.0,10526440.0,2065000.0,6973100.0,6514100.0,58838.0,10579000.0,96701504.0,12437000.0,6571500.0,142915.0,2799965.0,4987000.0
46,2007,4357000.0,577000.0,1633810.0,4198109.0,14500.0,58722108.0,620197.0,28036600.0,2002919.0,2123000.0,9000.0,22870000.0,8800.0,3988711.0,2649392.0,,72826.0,1857000.0,371399.0,7586526.0,467986.0,2171263.0,199752014.0,935.0,628271.0,7914160.0,479106.0,23979.0,3368449.0,6000000.0,14135000.0,3857000.0,16458000.0,3738547.0,82000427.5,26703160.0,50000.0,1200000.0,467077.0,3787400.0,55920.0,1566218.0,297000.0,13500.0,2652600.0,4727104.0,1370000.0,5100.0,2026028.0,244800.0,585000.0,47570680.0,2093.0,315000.0,926694.0,19885156.0,7200.0,36000.0,1030100.0,12686644.0,1373000.0,628885.0,4450.0,2856000.0,4179708.0,574060.0,110000.0,1450000.0,2499080.0,1600.0,702000.0,70660.0,199075008.0,11514871.0,1145000.0,6890900.0,394000.0,6117000.0,185000.0,4398000.0,81000.0,5660400.0,17537332.0,32674.0,377100.0,77400.0,687588.0,38000.0,185000.0,838800.0,191928.0,9647000.0,870622.0,842186.0,7904329.0,19233.0,1397000.0,7203.0,31395916.0,299105.0,2425800.0,114922.0,2781100.0,1308000.0,12633922.0,2353498.0,7044279.0,3763000.0,90000.0,9654467.0,3600000.0,8242828.0,16152700.0,253766.0,905515.0,313580.0,30673000.0,1526200.0,94000.0,10464001.0,5420865.0,2565900.0,5696186.0,1452000.0,380000.0,7000.0,2934000.0,21561609.0,1147152.0,30000.0,2200.0,421000.0,3163410.0,1087077.0,740.0,325532.0,200.0,454033.0,14500.0,4815000.0,13911358.0,,6584980.0,1206490.0,,,43595.0,1559725.0,1571764.0,1168330.0,131255.0,1422614.0,18500000.0,6480876.0,142418.0,302800.0,11300.0,30000.0,710130.0,10871364.0,1948000.0,7182293.0,6175400.0,61927.0,10304000.0,96573000.0,12368000.0,7044600.0,174137.0,2457563.0,5048000.0
47,2008,4745000.0,541000.0,1640730.0,4292545.0,14600.0,57583120.0,629146.0,27320978.0,2000196.0,2188100.0,7000.0,22900000.0,9600.0,4006700.0,2605532.0,,81328.0,1905000.0,326017.0,7786802.0,459218.0,2219503.0,202306731.0,948.0,602056.0,8072420.0,471614.0,25928.0,3457787.0,5046000.0,13755000.0,3723000.0,17332000.0,3800000.0,82747637.5,26877824.0,50000.0,1287100.0,453555.0,3821300.0,55684.0,1564393.0,297000.0,13500.0,2727300.0,4892216.0,1397400.0,5100.0,2036158.0,240500.0,585000.0,49000000.0,1981.0,312000.0,915345.0,20046940.0,7200.0,36500.0,1027600.0,12969674.0,1392000.0,623643.0,4450.0,3036400.0,4408956.0,599200.0,110000.0,1455000.0,2544888.0,1600.0,705000.0,72012.0,197444992.0,12256604.0,1580000.0,6902100.0,416000.0,6283000.0,176000.0,4423000.0,79380.0,5840900.0,18383184.0,32931.0,398700.0,76900.0,616159.0,38500.0,185000.0,787900.0,195661.0,9730000.0,947498.0,851227.0,8141459.0,19442.0,1421000.0,7327.0,31760962.0,231716.0,2503400.0,109378.0,2814000.0,1358000.0,12929242.0,2542000.0,7090714.0,3890000.0,90000.0,9715312.0,3600000.0,8737398.0,16293200.0,253473.0,891170.0,319900.0,31830000.0,1603100.0,94000.0,10496641.0,5442989.0,2566490.0,5756639.0,1491000.0,380000.0,7000.0,2819000.0,21546025.0,1194895.0,30000.0,1800.0,417758.0,3210210.0,1057435.0,530.0,390638.0,200.0,479581.0,14500.0,4800000.0,13865431.0,,6020200.0,1195610.0,,,49035.0,1558381.0,1604287.0,1109000.0,133675.0,1702500.0,18800000.0,6699999.0,145343.0,302500.0,11300.0,31000.0,694660.0,11036753.0,2157700.0,11408740.0,5490900.0,65179.0,10107000.0,96034500.0,12657000.0,7457900.0,175000.0,2315327.0,5012000.0
48,2009,4721000.0,494000.0,1682433.0,4389105.0,14600.0,54463872.0,584779.0,27906764.0,1997209.0,2255000.0,7200.0,22976000.0,10700.0,4130500.0,2600453.0,,91129.0,1954000.0,352356.0,7985230.0,457743.0,2412635.0,205307954.0,852.0,564904.0,8233845.0,554234.0,26000.0,3579882.0,5000300.0,13030000.0,3807000.0,18252000.0,3850000.0,70316945.5,26431640.0,50000.0,1300000.0,447000.0,3892800.0,54097.0,1540340.0,297000.0,13500.0,2800700.0,5194725.0,1342510.0,5100.0,2046339.0,237900.0,585000.0,50884004.0,2043.0,310000.0,918268.0,19805378.0,7300.0,36500.0,997800.0,12944903.0,1438000.0,626301.0,4450.0,3215100.0,4650780.0,620000.0,110900.0,1455000.0,2673251.0,1500.0,701000.0,73498.0,195815008.0,12759838.0,2552000.0,6890700.0,400000.0,6179000.0,168000.0,4423000.0,64520.0,5991600.0,17467774.0,35822.0,380200.0,74900.0,616562.0,39000.0,190000.0,770900.0,196470.0,9805000.0,982921.0,860491.0,8395703.0,16264.0,1699000.0,7237.0,32307070.0,217712.0,2599300.0,106494.0,2788100.0,1277044.0,13185521.0,2471000.0,7175198.0,3967600.0,90000.0,9961494.0,3650000.0,9261642.0,16434978.0,252521.0,878134.0,325500.0,33029000.0,1621100.0,94000.0,11643386.0,5459435.0,2586000.0,5700017.0,1495000.0,380000.0,11111.0,2684000.0,21038029.0,1218518.0,38949.0,1650.0,424489.0,3260880.0,1002295.0,350.0,470000.0,200.0,469983.0,14500.0,4780000.0,13761161.0,,6082400.0,1136860.0,,,53610.0,1538281.0,1597484.0,1084542.0,130351.0,1799500.0,19100000.0,6647325.0,148402.0,307500.0,11300.0,32000.0,679080.0,10859942.0,2153900.0,11751002.0,5079000.0,103909.0,10025000.0,94721000.0,12490000.0,8026300.0,160000.0,3038000.0,5331000.0
49,2010,5673000.0,493000.0,1747700.0,4487838.0,5000.0,48949744.0,570633.0,26733000.0,2026260.0,2299700.0,10000.0,23051000.0,11000.0,4151000.0,2593000.0,,92670.0,2005000.0,352841.0,8189786.0,462368.0,2648842.0,209541109.0,852.0,539555.0,8398499.0,596412.0,24000.0,3484601.0,4843104.0,12670000.0,3893000.0,19221000.0,3830000.0,68805515.5,27329066.0,50000.0,1350000.0,444000.0,3992500.0,54715.0,1571050.0,297000.0,13500.0,2900000.0,5253536.0,1247422.0,5200.0,2056570.0,234700.0,620000.0,53382192.0,1990.0,309000.0,925808.0,19555173.0,7300.0,37000.0,1032400.0,12809492.0,1454000.0,627192.0,4450.0,3356400.0,4932851.0,641500.0,112800.0,1455000.0,2694881.0,1600.0,700000.0,73781.0,194184992.0,13581570.0,2629000.0,6606600.0,430000.0,6103000.0,170000.0,4376000.0,65390.0,6095200.0,17862852.0,35705.0,378200.0,68568.0,626343.0,39500.0,195000.0,759400.0,198892.0,9881130.0,1069854.0,836859.0,8896392.0,14954.0,1701112.0,7491.0,32642134.0,221622.0,2175999.0,100835.0,2895800.0,1277044.0,13608909.0,2400000.0,7199260.0,3975190.0,90000.0,9863972.0,3700000.0,9011897.0,16577962.0,259887.0,874529.0,332780.0,34285000.0,1640900.0,94000.0,12305442.0,5520200.0,2570900.0,5742094.0,1447000.0,380000.0,11422.0,2512300.0,20671328.0,1334820.0,41555.0,1300.0,393324.0,3313055.0,938038.0,340.0,517000.0,200.0,472878.0,14500.0,4800000.0,13731044.0,,6075100.0,1169670.0,,,58150.0,1536700.0,1591233.0,1010000.0,129851.0,1829997.0,19245648.0,6497996.0,161654.0,309411.0,11300.0,32500.0,670900.0,10723958.0,2174600.0,12103532.0,4826700.0,100860.0,10112000.0,94081200.0,11800000.0,8510800.0,165000.0,3100000.0,5773620.0
50,2011,5524000.0,492000.0,1790140.0,4586570.0,5000.0,47972660.0,571357.0,28506168.0,2013281.0,2336600.0,10000.0,23121000.0,10800.0,4151300.0,2560319.0,,98260.0,2058000.0,340585.0,8400439.0,455258.0,2554364.0,212815311.0,899.0,544456.0,8566448.0,653580.0,22652.0,3406972.0,5084754.0,12155000.0,4182000.0,20241000.0,3758547.0,65756879.0,25156068.0,50000.0,1350000.0,446555.0,4059100.0,56915.0,1567971.0,296000.0,13750.0,2950000.0,5358904.0,1015140.0,5200.0,2065000.0,236300.0,625000.0,52129016.0,1952.0,309000.0,914053.0,19085561.0,7300.0,37500.0,1070500.0,12562600.0,1498000.0,627132.0,4500.0,3331600.0,5203407.0,650000.0,112800.0,1460000.0,2686533.0,1600.0,682000.0,72773.0,192555008.0,14824373.0,2707000.0,6493000.0,432000.0,5832457.0,170000.0,4230000.0,67600.0,6175300.0,18173500.0,28745.0,379500.0,70000.0,635000.0,39800.0,197000.0,748000.0,192535.0,9958000.0,1110560.0,768710.0,9163284.0,15074.0,1724797.0,6596.0,32936334.0,215951.0,2339700.0,85844.0,3037930.0,1395433.0,14088043.0,2350000.0,7226050.0,3885350.0,90000.0,10020917.0,4136422.0,9552611.0,19041270.0,265299.0,864139.0,339500.0,35567000.0,1728748.0,93000.0,12437120.0,5589173.0,2518400.0,5761878.0,1503000.0,380000.0,10063.0,2001105.0,19967864.0,1143231.0,45201.0,1000.0,426204.0,3345540.0,936570.0,150.0,568700.0,200.0,470151.0,14500.0,4850000.0,13688328.0,,5923200.0,1191850.0,,,55245.0,1511846.0,1577407.0,1111710.0,136158.0,1896894.0,21300000.0,5890701.0,170222.0,311334.0,11300.0,33000.0,655730.0,11369800.0,2196300.0,12466638.0,4494400.0,88617.0,9933000.0,92887400.0,11808000.0,9094700.0,170000.0,2539797.0,6058388.0
51,2012,5244000.0,498018.0,1843930.0,4687475.0,5000.0,49865864.0,599243.0,28418422.0,1976527.0,2378500.0,10000.0,23195000.0,11000.0,4247000.0,2484272.0,,102000.0,2111000.0,342087.0,8620784.0,444595.0,2247893.0,211279082.0,812.0,557641.0,8737755.0,609430.0,22702.0,2914974.0,5527128.0,12230000.0,4250000.0,21315000.0,3750000.0,64031942.5,23642960.0,50000.0,1300000.0,452000.0,4084000.0,56918.0,1606826.0,298000.0,14000.0,3000000.0,5235550.0,1123433.0,5300.0,2070000.0,238300.0,630000.0,53990060.0,1899.0,310000.0,912768.0,19005649.0,7400.0,38000.0,1211600.0,12477389.0,1543000.0,622715.0,4550.0,3390600.0,5488802.0,650000.0,112900.0,1465000.0,2742420.0,1700.0,697000.0,71513.0,190904105.0,15980697.0,2720000.0,6754100.0,435000.0,6091471.0,172000.0,4172000.0,68510.0,5702400.0,19129800.0,25775.0,380600.0,78000.0,650000.0,40000.0,198000.0,752400.0,188473.0,10037600.0,1164438.0,744377.0,9438182.0,15593.0,1749076.0,7302.0,31925181.0,203875.0,2584621.0,87173.0,3029180.0,1541000.0,14559000.0,2904451.0,7244944.0,3879250.0,84604.0,10180093.0,4313733.0,10125767.0,19206928.0,251240.0,861924.0,346000.0,36908000.0,1722500.0,94000.0,13291164.0,5660984.0,2493157.0,5776767.0,1497500.0,380000.0,10649.0,1988939.0,20111029.0,1135141.0,47295.0,1048.0,486503.0,3378995.0,920762.0,200.0,625570.0,200.0,462300.0,14800.0,4870000.0,13887898.0,11757000.0,5812600.0,1235540.0,29840000.0,,57136.0,1500293.0,1564631.0,1108473.0,140685.0,2015353.0,22800000.0,5392579.0,173115.0,428772.0,11500.0,34000.0,654260.0,12386337.0,2216500.0,12805900.0,4425800.0,78717.0,9900000.0,91160200.0,11406000.0,9642700.0,172000.0,3922107.0,6100000.0
52,2013,5235000.0,498131.0,1909455.0,4790599.0,5000.0,50996397.0,661003.0,29290768.0,1955618.0,2412300.0,10500.0,23341000.0,11200.0,4367000.0,2454704.0,,113150.0,2166000.0,348990.0,8847434.0,446893.0,2083847.0,211764292.0,800.0,526112.0,8912532.0,759191.0,22752.0,2900000.0,5805297.0,12240000.0,4300000.0,22446000.0,3007883.0,62972674.5,23008251.0,50000.0,1300000.0,442000.0,4092200.0,57582.0,1614644.0,298000.0,14000.0,3000000.0,5134122.0,893308.0,5300.0,2080000.0,246000.0,620032.0,55027080.0,1943.0,312000.0,911847.0,19095797.0,7400.0,38000.0,1211500.0,12587020.0,1590000.0,608964.0,4500.0,3419600.0,5789850.0,670000.0,112900.0,1465000.0,2774000.0,1700.0,760000.0,68014.0,189000000.0,12686239.0,2780000.0,6902600.0,465000.0,5846672.0,170000.0,4065000.0,69738.0,5690000.0,18138500.0,25112.0,393100.0,80500.0,548042.0,42000.0,198500.0,729200.0,193623.0,10030000.0,1241744.0,751629.0,9721328.0,15220.0,1773543.0,7240.0,32402461.0,191200.0,2909456.0,84701.0,3172984.0,1680000.0,14992823.0,2634418.0,7274022.0,3999220.0,92000.0,10182122.0,4564350.0,10733314.0,19374029.0,238333.0,853655.0,359500.0,38299000.0,1727300.0,93000.0,13376456.0,5555988.0,2497908.0,5859540.0,1471000.0,380000.0,18398.0,2009135.0,19930354.0,1132231.0,48629.0,1141.0,456371.0,3429680.0,913144.0,300.0,688127.0,200.0,460063.0,15000.0,4870000.0,13861194.0,11765000.0,5696910.0,1169040.0,30010000.0,,46060.0,1496526.0,1557474.0,1113225.0,143009.0,2099075.0,24531672.0,5147521.0,176058.0,443060.0,11700.0,34500.0,646157.0,13914912.0,2196000.0,12985900.0,4645900.0,85359.0,9844000.0,90095200.0,11536000.0,10141300.0,173000.0,4026658.0,6150000.0
53,2014,5349000.0,499690.0,2049652.0,4895000.0,5000.0,51646544.0,677584.0,29103000.0,1958282.0,2445178.0,10500.0,23488000.0,11100.0,4363700.0,2477236.0,,94850.0,2222000.0,301331.0,8798354.0,444000.0,1596605.0,212366132.0,750.0,575584.0,9090700.0,826062.0,22802.0,2875000.0,5950000.0,12050000.0,4350000.0,23638000.0,2896333.0,62973613.5,22574780.0,50000.0,1301000.0,441000.0,4134300.0,60874.0,1563535.0,300000.0,14000.0,3000000.0,4579374.0,1042000.0,5300.0,2090000.0,261400.0,618000.0,56706389.0,1917.0,71909.0,914439.0,19248627.0,7300.0,38500.0,1229700.0,12742190.0,1657000.0,599875.0,4500.0,3584800.0,6074000.0,675000.0,113000.0,1470000.0,2778000.0,1700.0,782000.0,74444.0,187000000.0,14726875.0,2900000.0,6926100.0,461000.0,5756072.0,168000.0,3962000.0,69408.0,5851200.0,18247632.0,27310.0,406500.0,94000.0,540133.0,43000.0,200000.0,713500.0,198780.0,10198800.0,1316799.0,743019.0,10012968.0,14883.0,1850000.0,6041.0,32939529.0,188862.0,3413851.0,89058.0,3238688.0,1798000.0,15481101.0,2882489.0,7243916.0,4169000.0,93000.0,10368188.0,4818483.0,11377312.0,19753249.0,241607.0,840000.0,366680.0,39743000.0,1633800.0,93000.0,14465581.0,5577959.0,2512184.0,5920411.0,1549000.0,380000.0,22277.0,2022408.0,19563964.0,1165385.0,49150.0,1200.0,354276.0,3481126.0,920068.0,300.0,700155.0,200.0,460576.0,15000.0,4900000.0,13915301.0,11817000.0,6078700.0,1104780.0,30191000.0,,36138.0,1493119.0,1562801.0,1090458.0,144887.0,2128179.0,25800000.0,4898575.0,176280.0,437390.0,11800.0,35000.0,671200.0,14415257.0,2203000.0,13623000.0,4397700.0,89510.0,9837000.0,88526000.0,11834000.0,10607300.0,175000.0,4085000.0,4868357.0
54,2015,5261000.0,504200.0,2149549.0,4990113.0,5066.0,51429848.0,688553.0,27412872.0,1961201.0,2465997.0,8945.0,23636000.0,11050.0,4356500.0,2503262.0,,96785.0,2280000.0,303486.0,8948602.0,454810.0,1744166.0,215220508.0,770.0,552807.0,9272510.0,796530.0,22852.0,2875000.0,6064973.0,11640000.0,4438477.0,24892098.0,2735857.0,63123427.0,22527783.0,50307.0,1303854.0,440092.0,4045900.0,58559.0,1551948.0,302416.0,13968.0,2995877.0,4115213.0,1020791.0,5313.0,2099522.0,264700.0,611874.0,57829953.0,1872.0,71194.0,914717.0,19386522.0,7305.0,39081.0,970000.0,12635456.0,1734000.0,606705.0,4492.0,3686600.0,6407100.0,684238.0,112987.0,1481595.0,2791726.0,1632.0,802000.0,78628.0,188166506.0,15419718.0,1823184.0,6963500.0,500000.0,5781348.0,159100.0,3860000.0,73600.0,6183852.0,18728076.0,29263.0,422019.0,87486.0,508344.0,44244.0,201376.0,736612.0,201036.0,10280300.0,1398376.0,742338.0,10313357.0,15020.0,1849000.0,5898.0,33502623.0,191214.0,3780402.0,92452.0,3291050.0,1682017.0,15993276.0,2770545.0,7241743.0,4315000.0,89562.0,10032763.0,5086766.0,12059951.0,20184763.0,253442.0,853327.0,374020.0,41241000.0,1540500.0,92905.0,14216256.0,5553470.0,2534243.0,5960693.0,1606000.0,369285.0,17412.0,2068888.0,19263687.0,1349792.0,56504.0,1100.0,357801.0,3515471.0,915641.0,270.0,625000.0,177.0,468253.0,15035.0,4889370.0,13694582.0,11823700.0,6182908.0,1088110.0,30376000.0,,37620.0,1428400.0,1554319.0,1090000.0,143302.0,2209171.0,26713644.0,4750000.0,221767.0,441764.0,11881.0,34524.0,685800.0,14223109.0,2205000.0,14156618.0,3884000.0,110929.0,9919000.0,89143000.0,11911000.0,10995200.0,152403.0,3946348.0,5477338.0
55,2016,5234400.0,492393.0,2081306.0,5078430.0,5000.0,52636778.0,701535.0,24971349.0,1957610.0,2484272.0,8093.0,23785000.0,11034.0,4298300.0,2501349.0,,97806.0,2339000.0,303297.0,9119000.0,455191.0,1500000.0,218190768.0,795.0,550201.0,9457934.0,769991.0,22902.0,2881394.0,6156047.0,11610000.0,4531428.0,26211379.0,2820774.0,63464853.5,22555549.0,50681.0,1390917.0,444613.0,4013900.0,63147.0,1568288.0,304542.0,13932.0,2994143.0,4127311.0,941703.0,5338.0,2108957.0,248236.0,605259.0,59486667.0,1831.0,70034.0,909021.0,19373382.0,7384.0,39471.0,992100.0,12466586.0,1815000.0,608857.0,4485.0,3768400.0,6758600.0,693350.0,110707.0,1495766.0,2800567.0,1579.0,821000.0,79923.0,189677730.0,16004097.0,1860887.0,7221200.0,506700.0,5929767.0,160000.0,3824000.0,74742.0,6413205.0,20529190.0,24246.0,419084.0,86265.0,494007.0,42932.0,202849.0,722602.0,201416.0,10301490.0,1470895.0,737827.0,10941300.0,14356.0,1953000.0,4533.0,33779290.0,186116.0,4080936.0,89269.0,3300000.0,1861346.0,16570928.0,3173767.0,7302808.0,4294000.0,85961.0,10151854.0,5054372.0,12783548.0,19884104.0,254768.0,872145.0,381500.0,42800000.0,1554200.0,92833.0,13858584.0,5525454.0,2553747.0,5939046.0,1635000.0,364345.0,27909.0,2092414.0,18620932.0,1214244.0,48764.0,1362.0,361362.0,3549369.0,892751.0,270.0,579793.0,189.0,484192.0,15053.0,4850000.0,13400272.0,11830800.0,6257057.0,945150.0,30632000.0,,35763.0,1436050.0,1555396.0,1090000.0,147068.0,2278072.0,27101741.0,4700000.0,228876.0,440349.0,11941.0,34126.0,646100.0,13994071.0,2201000.0,13634899.0,3750000.0,108384.0,10033000.0,91888000.0,11993000.0,12181000.0,115540.0,3793263.0,5528242.0
56,2017,4977000.0,475215.0,1895126.0,5069445.0,5000.0,54793181.0,655771.0,26175521.0,1954391.0,2476339.0,6898.0,23935000.0,11724.0,4361400.0,2385988.0,,103108.0,2400000.0,303250.0,9304000.0,444522.0,1100375.0,215003578.0,651.0,557866.0,9647073.0,1077539.0,29599.0,2853924.0,5999444.0,11535000.0,4446827.0,27603203.0,2890840.0,61914219.5,24328158.0,50879.0,1476873.0,450757.0,3865500.0,66862.0,1545417.0,299104.0,14084.0,3000000.0,4190611.0,885564.0,5376.0,2134373.0,250900.0,610477.0,60392019.0,1875.0,86463.0,893178.0,18953568.0,7450.0,38482.0,962700.0,12281195.0,1901000.0,610690.0,4547.0,3851076.0,7129251.0,687018.0,106996.0,1519481.0,2804985.0,1586.0,852000.0,80895.0,191054855.0,16429102.0,1899370.0,7363498.0,509100.0,5949393.0,160000.0,3822000.0,75500.0,6764212.0,18338810.0,30630.0,412314.0,85169.0,461573.0,44446.0,203363.0,694752.0,202281.0,10322680.0,1508299.0,703832.0,11415900.0,14184.0,1943865.0,3815.0,34277868.0,182339.0,4388455.0,86649.0,3364000.0,1951337.0,17645629.0,2944444.0,7347487.0,4030000.0,85667.0,10145902.0,4938094.0,13550559.0,20057095.0,255036.0,885292.0,389130.0,44400000.0,1523000.0,92718.0,13821526.0,5535569.0,2547614.0,6143083.0,1670000.0,366445.0,24958.0,2049700.0,18346089.0,1166187.0,47144.0,1375.0,364958.0,3587000.0,898650.0,290.0,546881.0,185.0,488598.0,15193.0,4800000.0,12953388.0,11837500.0,6465747.0,1000880.0,30926000.0,,35995.0,1448590.0,1544612.0,833130.0,143993.0,2317294.0,26565864.0,4680000.0,236230.0,450643.0,11994.0,34358.0,615410.0,14080155.0,2203000.0,14096497.0,3682300.0,106177.0,10004000.0,93624600.0,11739000.0,12471000.0,121563.0,3753080.0,5333343.0
57,2018,5157467.0,467318.0,1816280.0,5100419.0,4860.0,54793181.0,590585.0,26395734.0,1912810.0,2482627.0,7000.0,24086000.0,12016.0,4340400.0,2398090.0,,104937.0,2462000.0,298601.0,9556000.0,438006.0,1100000.0,213809445.0,681.0,542120.0,9840000.0,1110936.0,29558.0,2796718.0,6017739.0,11565000.0,4520611.0,29069601.0,3004185.0,63344597.0,26021034.0,50757.0,1582179.0,414000.0,3808400.0,70820.0,1530000.0,298933.0,14170.0,3004461.0,4056796.0,740287.0,5400.0,2125043.0,251900.0,617460.0,61510258.0,1841.0,89490.0,859380.0,18613040.0,7410.0,38815.0,909700.0,11949090.0,1922000.0,542000.0,4552.0,3918333.0,7520274.0,697375.0,103594.0,1511382.0,2817095.0,1599.0,885000.0,81385.0,192265451.0,16432945.0,1938649.0,6593490.0,546200.0,6311160.0,160000.0,3842000.0,76406.0,7150920.0,19635142.0,29077.0,395330.0,86307.0,453297.0,45207.0,207749.0,653500.0,194390.0,8605900.0,1655517.0,676686.0,11758377.0,14120.0,1915255.0,3985.0,34820271.0,167423.0,4380879.0,83264.0,3441000.0,2381894.0,17860000.0,2895891.0,7376306.0,3690000.0,85523.0,10106803.0,5100470.0,14363592.0,20201433.0,256181.0,881881.0,396913.0,46084000.0,1558400.0,92591.0,13500965.0,5575483.0,2553937.0,6183300.0,1632420.0,367250.0,38165.0,1977200.0,18294228.0,1293768.0,53431.0,1407.0,477255.0,3627858.0,878336.0,277.0,564928.0,180.0,476810.0,15264.0,4738892.0,12789515.0,13314145.0,6510590.0,1110740.0,31223000.0,,34341.0,1435450.0,1543345.0,766642.0,145095.0,2327531.0,27298584.0,4643747.0,248229.0,453088.0,12002.0,34862.0,637298.0,17042506.0,2214292.0,14617938.0,3530800.0,103759.0,9892000.0,94298000.0,11468000.0,12814100.0,118304.0,3714667.0,5415079.0
58,2019,5122956.0,415609.0,1786351.0,5077828.0,4573.0,55007853.0,571861.0,24723458.0,1879520.0,2484154.0,7667.0,24187000.0,12220.0,4294700.0,2373100.0,,106622.0,2526000.0,302589.0,9741474.0,429653.0,934732.0,215008958.0,617.0,527190.0,10000233.0,756036.0,29623.0,2761869.0,6036467.0,11500000.0,4600715.0,30612461.0,3108089.0,63747349.5,27239767.0,50857.0,1633467.0,420000.0,3817300.0,73970.0,1500000.0,298991.0,14232.0,3038281.0,4306244.0,699086.0,5425.0,2129432.0,254000.0,619010.0,65354090.0,1808.0,114502.0,840740.0,18172970.0,7388.0,39039.0,878900.0,11639530.0,1943000.0,530000.0,4561.0,4007370.0,7932748.0,708908.0,100000.0,1517861.0,2828075.0,1588.0,909000.0,80872.0,193462871.0,16930025.0,1978740.0,6559650.0,552640.0,6377230.0,160000.0,3835000.0,77051.0,7436407.0,20898769.0,34746.0,395320.0,85949.0,360602.0,45040.0,212706.0,634600.0,192100.0,8700000.0,1867034.0,657407.0,12111128.0,14000.0,1933189.0,3484.0,35224960.0,144828.0,4753192.0,81400.0,3328000.0,2483475.0,18311089.0,3004701.0,7385035.0,3721000.0,84802.0,10150891.0,5200392.0,15225408.0,20527245.0,217790.0,872955.0,404851.0,47821000.0,1498700.0,92463.0,13801993.0,5599891.0,2535414.0,6261600.0,1674970.0,366587.0,43061.0,1923300.0,18151394.0,1325491.0,38233.0,1381.0,567040.0,3671393.0,898178.0,279.0,583571.0,175.0,483070.0,15332.0,4800000.0,12588635.0,13580389.0,6600330.0,1086010.0,31489000.0,,35403.0,1404670.0,1524820.0,788321.0,148819.0,2361915.0,27816817.0,4600000.0,285701.0,459702.0,12036.0,35077.0,621812.0,17688139.0,2277196.0,15092652.0,3332900.0,100914.0,9739000.0,94804700.0,11411000.0,12949700.0,104721.0,3696010.0,5521869.0
59,2020,5085807.0,362583.0,1740183.0,5120014.0,4509.0,54460799.0,579256.0,23503238.0,1855430.0,2504048.0,7815.0,24391000.0,11986.0,4292400.0,2335440.0,,108306.0,2592000.0,281015.0,10142680.0,427461.0,1045036.0,218150298.0,583.0,588910.0,10312137.0,628022.0,29519.0,2804185.0,6055196.0,11265000.0,4679444.0,32237209.0,3196740.0,61052290.5,28245262.0,50956.0,1427793.0,423000.0,3752400.0,77500.0,1500000.0,299049.0,14294.0,3055491.0,4335924.0,692966.0,5450.0,2133821.0,253300.0,620560.0,70291776.0,1778.0,93301.0,835380.0,17789250.0,7366.0,39263.0,869500.0,11301860.0,1922000.0,539000.0,4570.0,4083700.0,8368000.0,720752.0,96119.0,1524341.0,2839055.0,1591.0,933000.0,80643.0,194482355.0,17466792.0,2019660.0,6529440.0,558909.0,6400040.0,160000.0,3907000.0,77269.0,7850045.0,21653595.0,31484.0,398990.0,86676.0,425157.0,45505.0,218262.0,629500.0,190690.0,8948613.0,1946033.0,659317.0,12474462.0,14010.0,1953792.0,3761.0,35639209.0,123713.0,4732010.0,80018.0,3166900.0,2603581.0,18885801.0,2948345.0,7458885.0,3691000.0,84080.0,10082788.0,5300315.0,16138934.0,20744892.0,222202.0,869136.0,412948.0,49624000.0,1505500.0,92334.0,14026143.0,5636388.0,2541959.0,6278900.0,1691320.0,365923.0,44718.0,1910900.0,18126003.0,1333158.0,48008.0,1388.0,700000.0,3712799.0,886127.0,282.0,598442.0,174.0,485610.0,15400.0,4826203.0,12297621.0,13784065.0,6636430.0,1103570.0,31757266.0,,36620.0,1390960.0,1515023.0,884572.0,151514.0,2335580.0,28335049.0,4641249.0,228458.0,469257.0,12069.0,35291.0,613039.0,17965482.0,2278876.0,15541335.0,3092000.0,98875.0,9615000.0,93793300.0,11182000.0,13154200.0,99322.0,3740472.0,5513379.0
